Primary Drugs,Phase III subject mean,Phase II subject mean,Phase I subject mean,Phase I/II subject mean,Phase 0 subject mean,Phase IV subject mean,Phase II/III subject mean,Clinical Phase Unknown subject mean,Phase III trial length,Phase II trial length,Phase I trial length,Phase I/II trial length,Phase 0 trial length,Phase IV trial length,Phase II/III trial length,Clinical Phase Unknown trial length,Phase I Pass,Phase II Pass,Phase I/II Pass,Phase III Pass,Phase II/III Pass,Number of Organizations
Afatinib,790.0,78.42857142857143,28.0,0.0,0.0,0.0,0.0,0.0,2936 days 00:00:00,1213 days 10:17:08.571428,419 days 14:24:00,0.0,0.0,0.0,0.0,0.0,True,True,True,False,False,1
Celecoxib,1452.5,45.0,87.5,0.0,10.0,0.0,0.0,0.0,3752 days 00:00:00,815 days 12:00:00,1706 days 00:00:00,0.0,396 days 00:00:00,0.0,0.0,0.0,True,True,True,False,False,1
Abiraterone acetate,0.0,300.0,16.0,74.0,0.0,0.0,0.0,0.0,0.0,2541 days 00:00:00,244 days 00:00:00,2803 days 00:00:00,0.0,0.0,0.0,0.0,True,False,False,False,False,3
AZD 4547,0.0,487.0,0.0,0.0,0.0,0.0,0.0,0.0,0.0,1900 days 12:00:00,0.0,0.0,0.0,0.0,0.0,0.0,True,False,False,False,False,1
Capivasertib,0.0,150.0,0.0,0.0,0.0,0.0,0.0,0.0,0.0,1147 days 00:00:00,0.0,0.0,0.0,0.0,0.0,0.0,True,False,False,False,False,1
Trastuzumab,1059.5,193.8095238095238,100.625,135.0,0.0,678.5714285714286,0.0,0.0,2230 days 00:00:00,2292 days 07:18:15.652173,217 days 06:00:00,2132 days 12:00:00,0.0,2149 days 10:00:00,0.0,0.0,True,True,True,True,True,3
Enzastaurin,0.0,160.0,0.0,0.0,0.0,0.0,0.0,0.0,0.0,2164 days 12:00:00,0.0,0.0,0.0,0.0,0.0,0.0,True,False,False,False,False,2
Indoximod,0.0,154.0,24.0,37.0,,0.0,0.0,0.0,0.0,1557 days 00:00:00,146 days 00:00:00,2983 days 00:00:00,162 days 00:00:00,0.0,0.0,0.0,True,False,False,False,False,1
Carotuximab,0.0,0.0,0.0,30.0,0.0,0.0,0.0,0.0,0.0,0.0,0.0,1279 days 00:00:00,0.0,0.0,0.0,0.0,False,False,False,False,False,1
SPARC-1613,0.0,0.0,99.0,0.0,0.0,0.0,0.0,0.0,0.0,0.0,628 days 00:00:00,0.0,0.0,0.0,0.0,0.0,False,False,False,False,False,1
SAR 566658,0.0,62.0,150.0,0.0,0.0,0.0,0.0,0.0,0.0,517 days 00:00:00,2403 days 00:00:00,0.0,0.0,0.0,0.0,0.0,True,False,False,False,False,2
Hu5F9 G4,0.0,0.0,96.0,0.0,0.0,0.0,0.0,0.0,0.0,0.0,1583 days 00:00:00,0.0,0.0,0.0,0.0,0.0,False,False,False,False,False,1
Anastrozole,2289.777777777778,74.33333333333333,40.0,0.0,100.0,1556.7692307692307,0.0,,2697 days 18:40:00,1828 days 08:00:00,61 days 00:00:00,0.0,2343 days 00:00:00,1296 days 22:17:08.571428,0.0,335 days 00:00:00,True,True,True,True,True,1
Capecitabine,1068.6666666666667,143.53333333333333,36.0,0.0,0.0,335.0,0.0,0.0,3232 days 06:51:25.714285,1722 days 12:48:00,963 days 16:00:00,0.0,0.0,956 days 04:48:00,0.0,0.0,True,True,True,True,True,3
Doxorubicin liposomal,430.8,74.875,25.5,51.0,0.0,97.0,0.0,,1710 days 20:00:00,1443 days 10:54:32.727272,1993 days 00:00:00,1222 days 00:00:00,0.0,1324 days 00:00:00,0.0,1825 days 00:00:00,True,True,True,True,True,3
Olaparib,0.0,0.0,64.33333333333333,270.0,0.0,0.0,0.0,0.0,0.0,0.0,1638 days 00:00:00,3444 days 00:00:00,0.0,0.0,0.0,0.0,False,False,False,False,False,2
Gemcitabine,3947.0,112.0,0.0,0.0,0.0,0.0,0.0,0.0,2841 days 00:00:00,2229 days 18:00:00,0.0,0.0,0.0,0.0,0.0,0.0,True,True,True,False,False,4
Docetaxel,1759.9,147.375,33.25,0.0,0.0,150.0,82.0,0.0,3219 days 00:00:00,2511 days 12:00:00,2262 days 18:00:00,0.0,0.0,417 days 00:00:00,853 days 00:00:00,0.0,True,True,True,True,True,4
Infigratinib,0.0,0.0,208.0,0.0,0.0,0.0,0.0,0.0,0.0,0.0,3223 days 00:00:00,0.0,0.0,0.0,0.0,0.0,False,False,False,False,False,2
Lurbinectedin,0.0,67.5,50.0,0.0,0.0,0.0,0.0,0.0,0.0,1337 days 00:00:00,1156 days 12:00:00,0.0,0.0,0.0,0.0,0.0,True,False,False,False,False,1
BAY 869596,0.0,0.0,,0.0,0.0,0.0,0.0,0.0,0.0,0.0,351 days 00:00:00,0.0,0.0,0.0,0.0,0.0,False,False,False,False,False,2
Paclitaxel,655.2,66.65,62.0,45.0,0.0,272.1666666666667,1458.0,0.0,2148 days 20:00:00,1216 days 13:42:51.428571,1367 days 12:00:00,1750 days 00:00:00,0.0,1356 days 19:12:00,1767 days 00:00:00,0.0,True,True,True,True,True,4
BAY 949392,0.0,0.0,,0.0,0.0,0.0,0.0,0.0,0.0,0.0,487 days 00:00:00,0.0,0.0,0.0,0.0,0.0,False,False,False,False,False,2
Exemestane,2953.0,97.8,0.0,0.0,0.0,623.0,120.0,0.0,3112 days 02:24:00,2303 days 04:00:00,0.0,0.0,0.0,1341 days 04:48:00,2741 days 00:00:00,0.0,True,True,True,True,True,2
Talazoparib,0.0,140.0,51.666666666666664,0.0,0.0,0.0,0.0,0.0,0.0,1783 days 00:00:00,966 days 08:00:00,0.0,0.0,0.0,0.0,0.0,True,False,False,False,False,4
Letrozole,2481.222222222222,110.88888888888889,0.0,0.0,0.0,472.0,0.0,0.0,2854 days 00:00:00,1971 days 19:12:00,0.0,0.0,0.0,1977 days 03:25:42.857142,0.0,0.0,True,True,True,True,True,3
SV-BR-1-GM breast cancer vaccine BriaCell Therapeutics,0.0,0.0,0.0,40.0,0.0,0.0,0.0,0.0,0.0,0.0,0.0,566 days 00:00:00,0.0,0.0,0.0,0.0,False,False,False,False,False,2
Sorafenib,519.0,81.625,34.75,45.5,0.0,0.0,0.0,0.0,2433 days 00:00:00,1613 days 16:00:00,577 days 18:00:00,1734 days 00:00:00,0.0,0.0,0.0,0.0,True,True,True,False,False,3
Estetrol,0.0,30.0,6.0,0.0,0.0,0.0,0.0,0.0,0.0,1065 days 00:00:00,60 days 00:00:00,0.0,0.0,0.0,0.0,0.0,True,False,False,False,False,1
Pembrolizumab,0.0,0.0,15.0,100.5,0.0,0.0,0.0,0.0,0.0,0.0,792 days 00:00:00,1052 days 00:00:00,0.0,0.0,0.0,0.0,False,False,False,False,False,1
Eribulin,705.5,86.34782608695652,0.0,56.0,0.0,769.0,0.0,500.0,1677 days 00:00:00,1169 days 00:00:00,0.0,1127 days 00:00:00,0.0,834 days 00:00:00,0.0,1392 days 00:00:00,True,True,True,True,True,3
Enobosarm,0.0,29.0,0.0,0.0,0.0,0.0,0.0,0.0,0.0,860 days 00:00:00,0.0,0.0,0.0,0.0,0.0,0.0,True,False,False,False,False,1
Neratinib,0.0,686.25,28.0,147.5,0.0,0.0,0.0,0.0,0.0,3270 days 18:00:00,248 days 13:42:51.428571,3723 days 00:00:00,0.0,0.0,0.0,0.0,True,False,False,False,False,4
Nelipepimut-S,709.0,300.0,0.0,95.0,0.0,0.0,0.0,0.0,1246 days 00:00:00,1956 days 00:00:00,0.0,4129 days 00:00:00,0.0,0.0,0.0,0.0,True,True,True,False,False,4
Irosustat,0.0,25.5,50.0,0.0,0.0,0.0,0.0,0.0,0.0,857 days 12:00:00,1249 days 00:00:00,0.0,0.0,0.0,0.0,0.0,True,False,False,False,False,1
Trastuzumab emtansine,692.0,117.85714285714286,21.0,67.0,0.0,,0.0,0.0,1506 days 18:00:00,907 days 06:51:25.714285,1058 days 13:42:51.428571,1111 days 00:00:00,0.0,1320 days 12:00:00,0.0,0.0,True,True,True,True,True,3
Fulvestrant,883.7142857142857,93.0,20.0,14.0,0.0,310.625,0.0,0.0,2367 days 06:51:25.714285,2173 days 15:16:21.818181,2252 days 00:00:00,488 days 00:00:00,0.0,818 days 08:00:00,0.0,0.0,True,True,True,True,True,1
Cixutumumab,0.0,122.0,0.0,0.0,0.0,0.0,0.0,0.0,0.0,1980 days 00:00:00,0.0,0.0,0.0,0.0,0.0,0.0,True,False,False,False,False,2
Buparlisib,615.0,175.0,28.0,88.0,0.0,0.0,524.0,0.0,1814 days 00:00:00,834 days 00:00:00,889 days 12:00:00,1553 days 00:00:00,0.0,0.0,1034 days 00:00:00,0.0,True,True,True,False,False,2
Lapatinib,1009.3333333333334,93.06451612903226,103.85714285714286,33.0,0.0,1538.5,0.0,0.0,3134 days 08:00:00,1563 days 05:49:05.454545,1286 days 12:48:00,1147 days 19:12:00,0.0,1636 days 05:20:00,0.0,0.0,True,True,True,True,True,2
AMG 110,0.0,0.0,70.0,0.0,0.0,0.0,0.0,0.0,0.0,0.0,2467 days 00:00:00,0.0,0.0,0.0,0.0,0.0,False,False,False,False,False,2
Glembatumumab vedotin,0.0,210.0,0.0,40.0,0.0,0.0,0.0,0.0,0.0,1297 days 00:00:00,0.0,1095 days 00:00:00,0.0,0.0,0.0,0.0,True,False,False,False,False,2
Pazopanib,0.0,145.4,30.0,0.0,40.0,0.0,0.0,0.0,0.0,1888 days 00:00:00,1030 days 00:00:00,0.0,1704 days 00:00:00,0.0,0.0,0.0,True,False,False,False,False,2
INGN 225,0.0,0.0,0.0,50.0,0.0,0.0,0.0,0.0,0.0,0.0,0.0,5114 days 00:00:00,0.0,0.0,0.0,0.0,False,False,False,False,False,0
Pertuzumab,626.0,211.25,36.0,0.0,0.0,300.0,0.0,0.0,3343 days 12:00:00,2371 days 12:00:00,297 days 00:00:00,0.0,0.0,1095 days 00:00:00,0.0,0.0,True,True,True,True,True,3
Denosumab,849.6666666666666,114.0,102.0,0.0,0.0,,0.0,0.0,1884 days 08:00:00,1028 days 00:00:00,198 days 00:00:00,0.0,0.0,444 days 00:00:00,0.0,0.0,True,True,True,True,True,3
Ixabepilone,670.0,102.07692307692308,43.666666666666664,51.0,0.0,0.0,0.0,0.0,2267 days 12:00:00,984 days 22:09:13.846153,974 days 00:00:00,1033 days 00:00:00,0.0,0.0,0.0,0.0,True,True,True,False,False,2
Vorinostat,0.0,43.42857142857143,62.333333333333336,53.5,0.0,0.0,0.0,0.0,0.0,1410 days 00:00:00,1897 days 00:00:00,1738 days 00:00:00,0.0,0.0,0.0,0.0,True,False,False,False,False,1
GS 5829,0.0,0.0,150.0,0.0,0.0,0.0,0.0,0.0,0.0,0.0,554 days 00:00:00,0.0,0.0,0.0,0.0,0.0,False,False,False,False,False,1
Vandetanib,0.0,101.25,32.666666666666664,0.0,0.0,0.0,0.0,0.0,0.0,1398 days 12:00:00,304 days 00:00:00,0.0,0.0,0.0,0.0,0.0,True,False,False,False,False,1
NK 012,0.0,61.0,35.0,0.0,0.0,0.0,0.0,0.0,0.0,2191 days 00:00:00,974 days 00:00:00,0.0,0.0,0.0,0.0,0.0,True,False,False,False,False,1
Tipifarnib,0.0,78.0,0.0,55.0,0.0,0.0,0.0,0.0,0.0,1521 days 08:00:00,0.0,2405 days 00:00:00,0.0,0.0,0.0,0.0,True,False,False,False,False,1
Abemaciclib,0.0,154.33333333333334,36.875,0.0,0.0,0.0,0.0,0.0,0.0,1080 days 00:00:00,129 days 06:00:00,0.0,0.0,0.0,0.0,0.0,True,False,False,False,False,1
Pegfilgrastim,0.0,41.0,0.0,50.0,0.0,240.0,0.0,0.0,0.0,670 days 00:00:00,0.0,3987 days 00:00:00,0.0,387 days 00:00:00,0.0,0.0,True,False,False,True,True,1
ABT 767,0.0,0.0,75.0,0.0,0.0,0.0,0.0,0.0,0.0,0.0,2400 days 00:00:00,0.0,0.0,0.0,0.0,0.0,False,False,False,False,False,2
Erdafitinib,0.0,0.0,260.0,0.0,0.0,0.0,0.0,0.0,0.0,0.0,1846 days 00:00:00,0.0,0.0,0.0,0.0,0.0,False,False,False,False,False,1
Tucatinib,0.0,0.0,70.5,0.0,0.0,0.0,0.0,0.0,0.0,0.0,632 days 16:00:00,0.0,0.0,0.0,0.0,0.0,False,False,False,False,False,2
Bevacizumab,893.75,57.592592592592595,23.0,0.0,0.0,313.3333333333333,0.0,0.0,2399 days 16:00:00,1985 days 12:23:13.548387,1098 days 08:00:00,0.0,0.0,1502 days 21:36:00,0.0,0.0,True,True,True,True,True,2
Veliparib,0.0,0.0,58.42857142857143,0.0,0.0,0.0,0.0,0.0,0.0,0.0,2079 days 06:51:25.714285,0.0,0.0,0.0,0.0,0.0,False,False,False,False,False,2
TPIV 100,0.0,0.0,24.0,0.0,0.0,0.0,0.0,0.0,0.0,0.0,2191 days 00:00:00,0.0,0.0,0.0,0.0,0.0,False,False,False,False,False,2
BP-C1,0.0,,6.0,0.0,0.0,0.0,0.0,0.0,0.0,1094 days 00:00:00,1157 days 00:00:00,0.0,0.0,0.0,0.0,0.0,True,False,False,False,False,1
Palbociclib,0.0,102.5,28.0625,58.0,0.0,,0.0,0.0,0.0,1161 days 00:00:00,210 days 06:00:00,2197 days 00:00:00,0.0,696 days 00:00:00,0.0,0.0,True,False,False,True,True,1
Dasatinib,0.0,90.0,57.0,80.0,0.0,0.0,0.0,0.0,0.0,1670 days 12:00:00,771 days 16:00:00,2388 days 00:00:00,0.0,0.0,0.0,0.0,True,False,False,False,False,2
Interleukin-12,0.0,92.0,44.0,41.0,0.0,0.0,0.0,0.0,0.0,793 days 00:00:00,6152 days 00:00:00,1765 days 00:00:00,0.0,0.0,0.0,0.0,True,False,False,False,False,0
Nirogacestat,0.0,30.0,60.0,0.0,0.0,0.0,0.0,0.0,0.0,345 days 00:00:00,760 days 00:00:00,0.0,0.0,0.0,0.0,0.0,True,False,False,False,False,1
Durvalumab,0.0,0.0,0.0,160.0,0.0,0.0,0.0,0.0,0.0,0.0,0.0,884 days 00:00:00,0.0,0.0,0.0,0.0,False,False,False,False,False,1
Ganetespib,0.0,72.0,18.0,0.0,0.0,0.0,0.0,0.0,0.0,1039 days 08:00:00,1522 days 00:00:00,0.0,0.0,0.0,0.0,0.0,True,False,False,False,False,1
Eflapegrastim,0.0,0.0,25.0,0.0,0.0,0.0,0.0,0.0,0.0,0.0,372 days 00:00:00,0.0,0.0,0.0,0.0,0.0,False,False,False,False,False,1
Foxy 5,0.0,0.0,21.0,0.0,0.0,0.0,0.0,0.0,0.0,0.0,715 days 12:00:00,0.0,0.0,0.0,0.0,0.0,False,False,False,False,False,1
Selinexor,0.0,105.0,0.0,0.0,0.0,0.0,0.0,0.0,0.0,1176 days 00:00:00,0.0,0.0,0.0,0.0,0.0,0.0,True,False,False,False,False,2
PLX 51107,0.0,0.0,60.0,0.0,0.0,0.0,0.0,0.0,0.0,0.0,914 days 00:00:00,0.0,0.0,0.0,0.0,0.0,False,False,False,False,False,1
Imiquimod,0.0,0.0,0.0,55.0,0.0,0.0,0.0,0.0,0.0,0.0,0.0,1743 days 00:00:00,0.0,0.0,0.0,0.0,False,False,False,False,False,0
Fluciclovine 18F,0.0,45.0,20.0,0.0,,0.0,0.0,0.0,0.0,657 days 00:00:00,3999 days 00:00:00,0.0,883 days 00:00:00,0.0,0.0,0.0,True,False,False,False,False,1
Everolimus,840.0,107.0,45.0,70.75,0.0,50.0,0.0,0.0,2275 days 12:00:00,1609 days 02:10:54.545454,790 days 12:00:00,1872 days 00:00:00,0.0,852 days 00:00:00,0.0,0.0,True,True,True,True,True,2
SC-005,0.0,0.0,108.0,0.0,0.0,0.0,0.0,0.0,0.0,0.0,274 days 00:00:00,0.0,0.0,0.0,0.0,0.0,False,False,False,False,False,1
Azacitidine,0.0,61.0,0.0,0.0,0.0,0.0,0.0,0.0,0.0,887 days 00:00:00,0.0,0.0,0.0,0.0,0.0,0.0,True,False,False,False,False,1
MK 2206,0.0,52.333333333333336,53.0,0.0,0.0,0.0,0.0,0.0,0.0,930 days 00:00:00,740 days 12:00:00,0.0,0.0,0.0,0.0,0.0,True,False,False,False,False,1
Atezolizumab,0.0,0.0,604.0,0.0,0.0,0.0,0.0,0.0,0.0,0.0,2658 days 00:00:00,0.0,0.0,0.0,0.0,0.0,False,False,False,False,False,2
Goserelin,218.0,214.0,0.0,0.0,0.0,105.0,0.0,0.0,2301 days 00:00:00,1264 days 12:00:00,0.0,0.0,0.0,1037 days 00:00:00,0.0,0.0,True,True,True,True,True,1
Capecitabine/cyclophosphamide,0.0,54.0,0.0,0.0,0.0,0.0,0.0,0.0,0.0,653 days 00:00:00,0.0,0.0,0.0,0.0,0.0,0.0,True,False,False,False,False,1
Ribociclib,0.0,120.0,48.0,0.0,0.0,0.0,0.0,0.0,0.0,335 days 00:00:00,813 days 00:00:00,0.0,0.0,0.0,0.0,0.0,True,False,False,False,False,2
Sonidegib,0.0,0.0,24.0,0.0,0.0,0.0,0.0,0.0,0.0,0.0,929 days 00:00:00,0.0,0.0,0.0,0.0,0.0,False,False,False,False,False,1
Gimeracil/oteracil/tegafur,600.0,220.0,0.0,0.0,0.0,0.0,0.0,0.0,2924 days 00:00:00,1891 days 00:00:00,0.0,0.0,0.0,0.0,0.0,0.0,True,True,True,False,False,0
Ipatasertib,0.0,150.0,27.5,0.0,0.0,0.0,0.0,0.0,0.0,897 days 00:00:00,139 days 12:00:00,0.0,0.0,0.0,0.0,0.0,True,False,False,False,False,2
R 763,0.0,0.0,96.0,0.0,0.0,0.0,0.0,0.0,0.0,0.0,1341 days 00:00:00,0.0,0.0,0.0,0.0,0.0,False,False,False,False,False,3
Cetuximab,0.0,140.0,0.0,0.0,0.0,0.0,0.0,0.0,0.0,1908 days 12:00:00,0.0,0.0,0.0,0.0,0.0,0.0,True,False,False,False,False,2
ABBV 176,0.0,0.0,120.0,0.0,0.0,0.0,0.0,0.0,0.0,0.0,512 days 00:00:00,0.0,0.0,0.0,0.0,0.0,False,False,False,False,False,1
Leuprorelin,164.0,0.0,0.0,0.0,0.0,1468.0,0.0,0.0,1005 days 00:00:00,0.0,0.0,0.0,0.0,1006 days 18:00:00,0.0,0.0,False,True,True,True,True,2
Bendamustine,0.0,40.0,0.0,0.0,0.0,0.0,0.0,0.0,0.0,1679 days 00:00:00,0.0,0.0,0.0,0.0,0.0,0.0,True,False,False,False,False,1
Birabresib,0.0,0.0,85.0,0.0,0.0,0.0,0.0,0.0,0.0,0.0,609 days 12:00:00,0.0,0.0,0.0,0.0,0.0,False,False,False,False,False,2
Gedatolisib,0.0,0.0,85.0,0.0,0.0,0.0,0.0,0.0,0.0,0.0,1004 days 00:00:00,0.0,0.0,0.0,0.0,0.0,False,False,False,False,False,2
Gadobutrol,440.0,0.0,0.0,0.0,0.0,3300.0,0.0,0.0,654 days 12:00:00,0.0,0.0,0.0,0.0,871 days 00:00:00,0.0,0.0,False,True,True,True,True,1
Enzalutamide,0.0,0.0,49.0,0.0,0.0,0.0,0.0,0.0,0.0,0.0,592 days 00:00:00,0.0,0.0,0.0,0.0,0.0,False,False,False,False,False,3
ADCT 502,0.0,0.0,278.0,0.0,0.0,0.0,0.0,0.0,0.0,0.0,444 days 00:00:00,0.0,0.0,0.0,0.0,0.0,False,False,False,False,False,1
Taladegib,0.0,0.0,101.0,0.0,0.0,0.0,0.0,0.0,0.0,0.0,2587 days 00:00:00,0.0,0.0,0.0,0.0,0.0,False,False,False,False,False,3
Lucitanib,0.0,162.0,46.0,0.0,0.0,0.0,0.0,0.0,0.0,1052 days 00:00:00,764 days 00:00:00,0.0,0.0,0.0,0.0,0.0,True,False,False,False,False,2
Zoledronic acid,659.8571428571429,177.33333333333334,43.0,0.0,0.0,204.33333333333334,60.0,0.0,1761 days 03:25:42.857142,2058 days 00:00:00,709 days 08:00:00,0.0,0.0,1127 days 00:00:00,1157 days 00:00:00,0.0,True,True,True,True,True,3
Benegrastim,0.0,200.0,0.0,,0.0,0.0,0.0,0.0,0.0,913 days 00:00:00,0.0,427 days 00:00:00,0.0,0.0,0.0,0.0,True,False,False,False,False,1
Samarium 153 lexidronam,352.0,40.0,0.0,0.0,0.0,0.0,0.0,0.0,3884 days 00:00:00,2796 days 00:00:00,0.0,0.0,0.0,0.0,0.0,0.0,True,True,True,False,False,1
Sapanisertib,0.0,0.0,0.0,128.0,0.0,0.0,0.0,0.0,0.0,0.0,0.0,1601 days 00:00:00,0.0,0.0,0.0,0.0,False,False,False,False,False,1
IAB 22M2C,0.0,0.0,24.0,0.0,0.0,0.0,0.0,0.0,0.0,0.0,423 days 00:00:00,0.0,0.0,0.0,0.0,0.0,False,False,False,False,False,1
Sapitinib,0.0,345.0,28.0,230.0,0.0,0.0,0.0,0.0,0.0,1166 days 00:00:00,471 days 12:00:00,2071 days 00:00:00,0.0,0.0,0.0,0.0,True,False,False,False,False,1
TPIV 200,0.0,0.0,24.0,0.0,0.0,0.0,0.0,0.0,0.0,0.0,2048 days 00:00:00,0.0,0.0,0.0,0.0,0.0,False,False,False,False,False,1
Varlitinib,0.0,200.0,51.0,0.0,0.0,0.0,0.0,0.0,0.0,605 days 00:00:00,634 days 00:00:00,0.0,0.0,0.0,0.0,0.0,True,False,False,False,False,1
LCL 161,0.0,200.0,81.0,0.0,0.0,0.0,0.0,0.0,0.0,761 days 00:00:00,1371 days 00:00:00,0.0,0.0,0.0,0.0,0.0,True,False,False,False,False,1
MEDI 4276,0.0,0.0,0.0,216.0,0.0,0.0,0.0,0.0,0.0,0.0,0.0,973 days 00:00:00,0.0,0.0,0.0,0.0,False,False,False,False,False,1
Etirinotecan pegol,840.0,70.0,0.0,0.0,0.0,0.0,0.0,0.0,1590 days 00:00:00,1187 days 00:00:00,0.0,0.0,0.0,0.0,0.0,0.0,True,True,True,False,False,6
Mifepristone,0.0,10.0,44.0,40.0,0.0,0.0,0.0,0.0,0.0,2586 days 00:00:00,623 days 16:00:00,1430 days 00:00:00,0.0,0.0,0.0,0.0,True,False,False,False,False,1
Crenigacestat,0.0,0.0,282.0,0.0,0.0,0.0,0.0,0.0,0.0,0.0,2094 days 00:00:00,0.0,0.0,0.0,0.0,0.0,False,False,False,False,False,2
NUC 1031,0.0,0.0,95.0,0.0,0.0,0.0,0.0,0.0,0.0,0.0,973 days 00:00:00,0.0,0.0,0.0,0.0,0.0,False,False,False,False,False,2
Orantinib,0.0,49.5,0.0,0.0,0.0,0.0,0.0,0.0,0.0,2807 days 00:00:00,0.0,0.0,0.0,0.0,0.0,0.0,True,False,False,False,False,1
Vinorelbine,0.0,138.33333333333334,31.5,0.0,0.0,350.0,0.0,0.0,0.0,1397 days 16:00:00,2592 days 00:00:00,0.0,0.0,1127 days 00:00:00,0.0,0.0,True,False,False,True,True,2
SAR 428926,0.0,0.0,110.0,0.0,0.0,0.0,0.0,0.0,0.0,0.0,970 days 00:00:00,0.0,0.0,0.0,0.0,0.0,False,False,False,False,False,1
Entinostat,0.0,130.0,36.5,0.0,0.0,0.0,0.0,0.0,0.0,1614 days 00:00:00,300 days 09:36:00,0.0,0.0,0.0,0.0,0.0,True,False,False,False,False,2
Dalotuzumab,0.0,0.0,50.0,0.0,0.0,0.0,0.0,0.0,0.0,0.0,505 days 00:00:00,0.0,0.0,0.0,0.0,0.0,False,False,False,False,False,1
Rogaratinib,0.0,0.0,8.0,0.0,0.0,0.0,0.0,0.0,0.0,0.0,125 days 00:00:00,0.0,0.0,0.0,0.0,0.0,False,False,False,False,False,1
IMM 101,0.0,0.0,0.0,300.0,0.0,0.0,0.0,0.0,0.0,0.0,0.0,98 days 00:00:00,0.0,0.0,0.0,0.0,False,False,False,False,False,1
Depoxythilone,390.0,315.0,0.0,0.0,0.0,0.0,0.0,0.0,755 days 00:00:00,1347 days 00:00:00,0.0,0.0,0.0,0.0,0.0,0.0,True,True,True,False,False,1
Pelareorep,0.0,76.0,0.0,0.0,0.0,0.0,0.0,0.0,0.0,2025 days 00:00:00,0.0,0.0,0.0,0.0,0.0,0.0,True,False,False,False,False,1
Tasisulam,0.0,40.0,0.0,0.0,0.0,0.0,0.0,0.0,0.0,577 days 00:00:00,0.0,0.0,0.0,0.0,0.0,0.0,True,False,False,False,False,1
Pyrotinib,0.0,0.0,39.0,0.0,0.0,0.0,0.0,0.0,0.0,0.0,1141 days 12:00:00,0.0,0.0,0.0,0.0,0.0,False,False,False,False,False,1
DPX 0907,0.0,0.0,24.0,0.0,0.0,0.0,0.0,0.0,0.0,0.0,610 days 00:00:00,0.0,0.0,0.0,0.0,0.0,False,False,False,False,False,2
TPI 287,0.0,69.0,0.0,0.0,0.0,0.0,0.0,0.0,0.0,2068 days 00:00:00,0.0,0.0,0.0,0.0,0.0,0.0,True,False,False,False,False,1
Nintedanib,0.0,44.0,0.0,140.0,0.0,0.0,0.0,0.0,0.0,1082 days 00:00:00,0.0,913 days 00:00:00,0.0,0.0,0.0,0.0,True,False,False,False,False,1
SGMIB anti-HER2 monoclonal antibody I-131,0.0,0.0,10.0,0.0,0.0,0.0,0.0,0.0,0.0,0.0,473 days 00:00:00,0.0,0.0,0.0,0.0,0.0,False,False,False,False,False,1
SM 88,0.0,0.0,,0.0,0.0,0.0,0.0,0.0,0.0,0.0,335 days 00:00:00,0.0,0.0,0.0,0.0,0.0,False,False,False,False,False,1
Tamoxifen,10875.0,0.0,0.0,0.0,0.0,6000.0,0.0,0.0,3149 days 00:00:00,0.0,0.0,0.0,0.0,4258 days 12:00:00,0.0,0.0,False,True,True,True,True,0
Alisertib,0.0,172.0,30.0,273.0,0.0,0.0,0.0,0.0,0.0,2651 days 00:00:00,1079 days 00:00:00,1520 days 00:00:00,0.0,0.0,0.0,0.0,True,False,False,False,False,2
Tecemotide,1200.0,400.0,0.0,0.0,0.0,0.0,0.0,0.0,334 days 00:00:00,1954 days 00:00:00,0.0,0.0,0.0,0.0,0.0,0.0,True,True,True,False,False,4
Cabazitaxel,0.0,145.25,0.0,0.0,0.0,0.0,0.0,0.0,0.0,1464 days 18:00:00,0.0,0.0,0.0,0.0,0.0,0.0,True,False,False,False,False,1
AL 101,0.0,0.0,110.0,0.0,0.0,0.0,0.0,0.0,0.0,0.0,2303 days 00:00:00,0.0,0.0,0.0,0.0,0.0,False,False,False,False,False,2
Tomivosertib,0.0,24.0,0.0,0.0,0.0,0.0,0.0,0.0,0.0,172 days 00:00:00,0.0,0.0,0.0,0.0,0.0,0.0,True,False,False,False,False,1
Ilodecakin,0.0,0.0,18.0,0.0,0.0,0.0,0.0,0.0,0.0,0.0,88 days 12:00:00,0.0,0.0,0.0,0.0,0.0,False,False,False,False,False,1
Taselisib,0.0,330.0,94.0,0.0,0.0,0.0,0.0,0.0,0.0,852 days 00:00:00,931 days 00:00:00,0.0,0.0,0.0,0.0,0.0,True,False,False,False,False,2
Trodusquemine,0.0,0.0,21.0,0.0,0.0,0.0,0.0,0.0,0.0,0.0,773 days 00:00:00,0.0,0.0,0.0,0.0,0.0,False,False,False,False,False,1
Perflutren,0.0,20.0,0.0,0.0,0.0,135.0,0.0,0.0,0.0,305 days 00:00:00,0.0,0.0,0.0,621 days 00:00:00,0.0,0.0,True,False,False,True,True,1
852A,0.0,15.0,0.0,0.0,0.0,0.0,0.0,0.0,0.0,975 days 00:00:00,0.0,0.0,0.0,0.0,0.0,0.0,True,False,False,False,False,1
Pixantrone,0.0,56.0,0.0,0.0,0.0,0.0,0.0,0.0,0.0,1659 days 00:00:00,0.0,0.0,0.0,0.0,0.0,0.0,True,False,False,False,False,1
Alpelisib,0.0,0.0,61.0,0.0,0.0,0.0,0.0,0.0,0.0,0.0,774 days 00:00:00,0.0,0.0,0.0,0.0,0.0,False,False,False,False,False,1
Defactinib,0.0,0.0,,0.0,0.0,0.0,0.0,0.0,0.0,0.0,31 days 00:00:00,0.0,0.0,0.0,0.0,0.0,False,False,False,False,False,1
Erlotinib,0.0,79.0,47.5,57.0,0.0,0.0,0.0,0.0,0.0,1410 days 00:00:00,1734 days 12:00:00,1979 days 00:00:00,0.0,0.0,0.0,0.0,True,False,False,False,False,2
BR-55,0.0,,0.0,0.0,0.0,0.0,0.0,0.0,0.0,615 days 00:00:00,0.0,0.0,0.0,0.0,0.0,0.0,True,False,False,False,False,1
BMS 986115,0.0,0.0,40.0,0.0,0.0,0.0,0.0,0.0,0.0,0.0,879 days 00:00:00,0.0,0.0,0.0,0.0,0.0,False,False,False,False,False,1
Verteporfin,0.0,40.0,0.0,0.0,0.0,0.0,0.0,0.0,0.0,1795 days 00:00:00,0.0,0.0,0.0,0.0,0.0,0.0,True,False,False,False,False,0
Ibrutinib,0.0,0.0,48.0,0.0,0.0,0.0,0.0,0.0,0.0,0.0,117 days 04:48:00,0.0,0.0,0.0,0.0,0.0,False,False,False,False,False,2
TDM 812,0.0,0.0,30.0,0.0,0.0,0.0,0.0,0.0,0.0,0.0,762 days 00:00:00,0.0,0.0,0.0,0.0,0.0,False,False,False,False,False,0
Dinaciclib,0.0,200.0,40.0,0.0,0.0,0.0,0.0,0.0,0.0,1065 days 00:00:00,385 days 00:00:00,0.0,0.0,0.0,0.0,0.0,True,False,False,False,False,2
AVX 901,0.0,0.0,12.0,0.0,0.0,0.0,0.0,0.0,0.0,0.0,1917 days 00:00:00,0.0,0.0,0.0,0.0,0.0,False,False,False,False,False,0
Uprosertib,0.0,0.0,70.0,0.0,0.0,0.0,0.0,0.0,0.0,0.0,1401 days 00:00:00,0.0,0.0,0.0,0.0,0.0,False,False,False,False,False,1
Losatuxizumab-vedotin,0.0,0.0,90.0,0.0,0.0,0.0,0.0,0.0,0.0,0.0,1161 days 00:00:00,0.0,0.0,0.0,0.0,0.0,False,False,False,False,False,1
Folate-fluorescein isothiocyanate conjugate,0.0,0.0,10.0,0.0,0.0,0.0,0.0,0.0,0.0,0.0,184 days 00:00:00,0.0,0.0,0.0,0.0,0.0,False,False,False,False,False,0
Propagermanium,0.0,0.0,18.0,0.0,0.0,0.0,0.0,0.0,0.0,0.0,553 days 00:00:00,0.0,0.0,0.0,0.0,0.0,False,False,False,False,False,0
Emactuzumab,0.0,0.0,220.0,0.0,0.0,0.0,0.0,0.0,0.0,0.0,2241 days 00:00:00,0.0,0.0,0.0,0.0,0.0,False,False,False,False,False,1
BCD 115,0.0,0.0,36.0,0.0,0.0,0.0,0.0,0.0,0.0,0.0,485 days 00:00:00,0.0,0.0,0.0,0.0,0.0,False,False,False,False,False,1
Tesevatinib,0.0,0.0,0.0,80.0,0.0,0.0,0.0,0.0,0.0,0.0,0.0,557 days 00:00:00,0.0,0.0,0.0,0.0,False,False,False,False,False,1
Valproic acid,0.0,55.0,0.0,0.0,0.0,0.0,0.0,0.0,0.0,961 days 00:00:00,0.0,0.0,0.0,0.0,0.0,0.0,True,False,False,False,False,0
212 Pb TCMC trastuzumab,0.0,0.0,36.0,0.0,0.0,0.0,0.0,0.0,0.0,0.0,1827 days 00:00:00,0.0,0.0,0.0,0.0,0.0,False,False,False,False,False,2
Ispinesib,0.0,55.0,0.0,100.0,0.0,0.0,0.0,0.0,0.0,786 days 00:00:00,0.0,731 days 00:00:00,0.0,0.0,0.0,0.0,True,False,False,False,False,2
Zoptarelin doxorubicin,0.0,74.0,0.0,0.0,0.0,0.0,0.0,0.0,0.0,754 days 00:00:00,0.0,0.0,0.0,0.0,0.0,0.0,True,False,False,False,False,1
GDC 0575,0.0,0.0,90.0,0.0,0.0,0.0,0.0,0.0,0.0,0.0,2120 days 00:00:00,0.0,0.0,0.0,0.0,0.0,False,False,False,False,False,2
Rivoceranib,0.0,60.0,20.0,42.0,0.0,38.0,0.0,0.0,0.0,944 days 00:00:00,245 days 12:00:00,1125 days 00:00:00,0.0,485 days 00:00:00,0.0,0.0,True,False,False,True,True,2
PF 6664178,0.0,0.0,70.0,0.0,0.0,0.0,0.0,0.0,0.0,0.0,670 days 00:00:00,0.0,0.0,0.0,0.0,0.0,False,False,False,False,False,1
Ruxolitinib,0.0,94.5,0.0,0.0,0.0,0.0,0.0,0.0,0.0,1249 days 00:00:00,0.0,0.0,0.0,0.0,0.0,0.0,True,False,False,False,False,1
Lipegfilgrastim,0.0,0.0,0.0,0.0,0.0,40.0,0.0,0.0,0.0,0.0,0.0,0.0,0.0,1127 days 00:00:00,0.0,0.0,False,False,False,True,True,0
Dovitinib,0.0,175.0,0.0,36.0,0.0,0.0,0.0,0.0,0.0,779 days 12:00:00,0.0,2070 days 00:00:00,0.0,0.0,0.0,0.0,True,False,False,False,False,2
IMC CS4,0.0,0.0,36.0,0.0,0.0,0.0,0.0,0.0,0.0,0.0,887 days 00:00:00,0.0,0.0,0.0,0.0,0.0,False,False,False,False,False,1
Odanacatib,0.0,45.0,0.0,0.0,0.0,0.0,0.0,0.0,0.0,384 days 00:00:00,0.0,0.0,0.0,0.0,0.0,0.0,True,False,False,False,False,1
Brachyury peptide vaccine,0.0,0.0,55.0,0.0,0.0,0.0,0.0,0.0,0.0,0.0,1701 days 00:00:00,0.0,0.0,0.0,0.0,0.0,False,False,False,False,False,1
Vantictumab,0.0,0.0,34.0,0.0,0.0,0.0,0.0,0.0,0.0,0.0,1552 days 00:00:00,0.0,0.0,0.0,0.0,0.0,False,False,False,False,False,2
Bicalutamide,0.0,44.0,0.0,0.0,0.0,0.0,0.0,0.0,0.0,334 days 00:00:00,0.0,0.0,0.0,0.0,0.0,0.0,True,False,False,False,False,0
Raloxifene,2000.0,0.0,0.0,0.0,0.0,0.0,0.0,0.0,2355 days 00:00:00,0.0,0.0,0.0,0.0,0.0,0.0,0.0,False,True,True,False,False,2
Poly ICLC,0.0,20.0,0.0,0.0,0.0,0.0,0.0,0.0,0.0,273 days 00:00:00,0.0,0.0,0.0,0.0,0.0,0.0,True,False,False,False,False,1
INCB 47986,0.0,0.0,100.0,0.0,0.0,0.0,0.0,0.0,0.0,0.0,334 days 00:00:00,0.0,0.0,0.0,0.0,0.0,False,False,False,False,False,1
Lumretuzumab,0.0,0.0,40.0,0.0,0.0,0.0,0.0,0.0,0.0,0.0,1158 days 00:00:00,0.0,0.0,0.0,0.0,0.0,False,False,False,False,False,1
Acolbifene,0.0,44.0,0.0,0.0,0.0,0.0,0.0,0.0,0.0,668 days 00:00:00,0.0,0.0,0.0,0.0,0.0,0.0,True,False,False,False,False,0
CVA 21,0.0,0.0,9.0,0.0,0.0,0.0,0.0,0.0,0.0,0.0,1553 days 00:00:00,0.0,0.0,0.0,0.0,0.0,False,False,False,False,False,1
Oxaliplatin,0.0,51.0,0.0,0.0,25.0,0.0,0.0,0.0,0.0,365 days 00:00:00,0.0,0.0,214 days 00:00:00,0.0,0.0,0.0,True,False,False,False,False,1
Pasireotide,0.0,0.0,,24.0,0.0,0.0,0.0,0.0,0.0,0.0,2192 days 00:00:00,1583 days 00:00:00,0.0,0.0,0.0,0.0,False,False,False,False,False,0
Finasteride,0.0,0.0,0.0,0.0,0.0,428000.0,0.0,0.0,0.0,0.0,0.0,0.0,0.0,2405 days 00:00:00,0.0,0.0,False,False,False,True,True,1
ENMD 2076,0.0,80.0,0.0,0.0,0.0,0.0,0.0,0.0,0.0,1772 days 00:00:00,0.0,0.0,0.0,0.0,0.0,0.0,True,False,False,False,False,1
Litronesib,0.0,60.0,12.0,0.0,0.0,0.0,0.0,0.0,0.0,762 days 00:00:00,670 days 00:00:00,0.0,0.0,0.0,0.0,0.0,True,False,False,False,False,1
Imatinib,0.0,80.0,0.0,0.0,0.0,0.0,0.0,0.0,0.0,2592 days 00:00:00,0.0,0.0,0.0,0.0,0.0,0.0,True,False,False,False,False,1
Navitoclax,0.0,0.0,50.0,0.0,0.0,0.0,0.0,0.0,0.0,0.0,791 days 00:00:00,0.0,0.0,0.0,0.0,0.0,False,False,False,False,False,2
Clodronic acid,3200.0,0.0,0.0,0.0,0.0,,0.0,0.0,4352 days 00:00:00,0.0,0.0,0.0,0.0,672 days 00:00:00,0.0,0.0,False,True,True,True,True,2
PM 060184,0.0,106.0,0.0,0.0,0.0,0.0,0.0,0.0,0.0,691 days 00:00:00,0.0,0.0,0.0,0.0,0.0,0.0,True,False,False,False,False,1
GSK 2636771,0.0,0.0,0.0,150.0,0.0,0.0,0.0,0.0,0.0,0.0,0.0,1568 days 00:00:00,0.0,0.0,0.0,0.0,False,False,False,False,False,1
Perflubutane,120.0,75.0,,0.0,0.0,0.0,0.0,0.0,565 days 00:00:00,350 days 00:00:00,31 days 00:00:00,0.0,0.0,0.0,0.0,0.0,True,True,True,False,False,1
Autologous formalin-fixed tumour cell vaccine,0.0,0.0,0.0,20.0,0.0,0.0,0.0,0.0,0.0,0.0,0.0,4699 days 00:00:00,0.0,0.0,0.0,0.0,False,False,False,False,False,0
Ritonavir,0.0,0.0,52.0,0.0,0.0,0.0,0.0,0.0,0.0,0.0,1497 days 00:00:00,0.0,0.0,0.0,0.0,0.0,False,False,False,False,False,0
Reparixin,0.0,40.0,24.0,0.0,0.0,0.0,0.0,0.0,0.0,1124 days 00:00:00,1258 days 00:00:00,0.0,0.0,0.0,0.0,0.0,True,False,False,False,False,2
Indatuximab ravtansine,0.0,0.0,0.0,180.0,0.0,0.0,0.0,0.0,0.0,0.0,0.0,1228 days 00:00:00,0.0,0.0,0.0,0.0,False,False,False,False,False,1
Patritumab,0.0,0.0,0.0,29.0,0.0,0.0,0.0,0.0,0.0,0.0,0.0,1184 days 00:00:00,0.0,0.0,0.0,0.0,False,False,False,False,False,1
Cabozantinib,0.0,667.5,33.0,0.0,0.0,0.0,0.0,0.0,0.0,1292 days 00:00:00,821 days 00:00:00,0.0,0.0,0.0,0.0,0.0,True,False,False,False,False,1
Upamostat,0.0,140.0,0.0,0.0,0.0,0.0,0.0,0.0,0.0,1395 days 00:00:00,0.0,0.0,0.0,0.0,0.0,0.0,True,False,False,False,False,2
Copanlisib,0.0,0.0,100.0,0.0,0.0,0.0,0.0,0.0,0.0,0.0,823 days 12:00:00,0.0,0.0,0.0,0.0,0.0,False,False,False,False,False,2
PF 6650808,0.0,0.0,55.0,0.0,0.0,0.0,0.0,0.0,0.0,0.0,1126 days 00:00:00,0.0,0.0,0.0,0.0,0.0,False,False,False,False,False,1
Romidepsin,0.0,37.0,0.0,47.0,0.0,0.0,0.0,0.0,0.0,212 days 00:00:00,0.0,982 days 00:00:00,0.0,0.0,0.0,0.0,True,False,False,False,False,1
Vinflunine,744.0,0.0,0.0,0.0,0.0,0.0,0.0,0.0,1684 days 06:00:00,0.0,0.0,0.0,0.0,0.0,0.0,0.0,False,True,True,False,False,1
Sunitinib,725.0,58.666666666666664,25.0,54.5,0.0,0.0,0.0,0.0,1534 days 06:00:00,1130 days 20:00:00,1735 days 00:00:00,2192 days 12:00:00,0.0,0.0,0.0,0.0,True,True,True,False,False,2
Monoclonal antibody F16 I 131,0.0,0.0,0.0,68.0,0.0,0.0,0.0,0.0,0.0,0.0,0.0,1673 days 00:00:00,0.0,0.0,0.0,0.0,False,False,False,False,False,1
F-18 fluorothymidine,0.0,39.666666666666664,0.0,0.0,0.0,0.0,0.0,0.0,0.0,1385 days 16:00:00,0.0,0.0,0.0,0.0,0.0,0.0,True,False,False,False,False,1
Orteronel,0.0,0.0,25.0,0.0,0.0,0.0,0.0,0.0,0.0,0.0,1499 days 00:00:00,0.0,0.0,0.0,0.0,0.0,False,False,False,False,False,1
Polyphenon E,0.0,25.0,40.0,0.0,0.0,0.0,0.0,0.0,0.0,3348 days 00:00:00,974 days 00:00:00,0.0,0.0,0.0,0.0,0.0,True,False,False,False,False,0
AVB 620,0.0,0.0,39.0,0.0,0.0,0.0,0.0,0.0,0.0,0.0,641 days 00:00:00,0.0,0.0,0.0,0.0,0.0,False,False,False,False,False,1
Tigatuzumab,0.0,60.0,0.0,0.0,0.0,0.0,0.0,0.0,0.0,2284 days 00:00:00,0.0,0.0,0.0,0.0,0.0,0.0,True,False,False,False,False,1
Elgemtumab,0.0,0.0,34.0,0.0,0.0,0.0,0.0,0.0,0.0,0.0,577 days 00:00:00,0.0,0.0,0.0,0.0,0.0,False,False,False,False,False,1
Brilanestrant,0.0,0.0,48.0,0.0,0.0,0.0,0.0,0.0,0.0,0.0,141 days 00:00:00,0.0,0.0,0.0,0.0,0.0,False,False,False,False,False,1
G 305,0.0,0.0,30.0,0.0,0.0,0.0,0.0,0.0,0.0,0.0,1216 days 00:00:00,0.0,0.0,0.0,0.0,0.0,False,False,False,False,False,1
Apatorsen,0.0,0.0,54.0,0.0,0.0,0.0,0.0,0.0,0.0,0.0,1554 days 00:00:00,0.0,0.0,0.0,0.0,0.0,False,False,False,False,False,1
Ibandronic acid,1191.25,38.0,0.0,0.0,0.0,50.0,0.0,0.0,1719 days 06:00:00,319 days 12:00:00,0.0,0.0,0.0,761 days 00:00:00,0.0,0.0,True,True,True,True,True,3
Pexidartinib,0.0,0.0,,0.0,0.0,0.0,0.0,0.0,0.0,0.0,31 days 00:00:00,0.0,0.0,0.0,0.0,0.0,False,False,False,False,False,1
Albumin-granulocyte colony-stimulating factor fusion protein,0.0,0.0,,0.0,0.0,0.0,0.0,0.0,0.0,0.0,445 days 00:00:00,0.0,0.0,0.0,0.0,0.0,False,False,False,False,False,1
Exatecan,0.0,37.0,0.0,0.0,0.0,0.0,0.0,0.0,0.0,1035 days 00:00:00,0.0,0.0,0.0,0.0,0.0,0.0,True,False,False,False,False,1
PF 4691502,0.0,0.0,0.0,220.0,0.0,0.0,0.0,0.0,0.0,0.0,0.0,253 days 00:00:00,0.0,0.0,0.0,0.0,False,False,False,False,False,1
GSK 2302024A,0.0,250.0,0.0,0.0,0.0,0.0,0.0,0.0,0.0,1323 days 00:00:00,0.0,0.0,0.0,0.0,0.0,0.0,True,False,False,False,False,1
Margetuximab,0.0,41.0,0.0,0.0,0.0,0.0,0.0,0.0,0.0,1505 days 00:00:00,0.0,0.0,0.0,0.0,0.0,0.0,True,False,False,False,False,1
FS 102,0.0,0.0,28.0,0.0,0.0,0.0,0.0,0.0,0.0,0.0,947 days 00:00:00,0.0,0.0,0.0,0.0,0.0,False,False,False,False,False,2
Anti HER2 small molecule imaging agent,0.0,0.0,0.0,,0.0,0.0,0.0,0.0,0.0,0.0,0.0,349 days 12:00:00,0.0,0.0,0.0,0.0,False,False,False,False,False,1
Bis-choline tetrathiomolybdate,0.0,111.0,0.0,0.0,0.0,0.0,0.0,0.0,0.0,114 days 00:00:00,0.0,0.0,0.0,0.0,0.0,0.0,True,False,False,False,False,0
Fentanyl,0.0,0.0,0.0,0.0,0.0,,0.0,0.0,0.0,0.0,0.0,0.0,0.0,275 days 00:00:00,0.0,0.0,False,False,False,True,True,1
Danusertib,0.0,232.0,0.0,0.0,0.0,0.0,0.0,0.0,0.0,2028 days 00:00:00,0.0,0.0,0.0,0.0,0.0,0.0,True,False,False,False,False,1
PF 6647263,0.0,0.0,109.0,0.0,0.0,0.0,0.0,0.0,0.0,0.0,1126 days 00:00:00,0.0,0.0,0.0,0.0,0.0,False,False,False,False,False,1
Tozuleristide,0.0,0.0,30.0,0.0,0.0,0.0,0.0,0.0,0.0,0.0,550 days 00:00:00,0.0,0.0,0.0,0.0,0.0,False,False,False,False,False,1
Aprutumab ixadotin,0.0,0.0,150.0,0.0,0.0,0.0,0.0,0.0,0.0,0.0,491 days 00:00:00,0.0,0.0,0.0,0.0,0.0,False,False,False,False,False,1
Iniparib,521.0,106.0,0.0,0.0,0.0,0.0,0.0,0.0,945 days 00:00:00,1466 days 12:00:00,0.0,0.0,0.0,0.0,0.0,0.0,True,True,True,False,False,2
Pictrelisib,0.0,180.0,40.5,120.0,0.0,0.0,0.0,0.0,0.0,1037 days 00:00:00,624 days 00:00:00,577 days 00:00:00,0.0,0.0,0.0,0.0,True,False,False,False,False,2
Tivozanib,0.0,188.5,32.666666666666664,84.0,0.0,0.0,0.0,0.0,0.0,1246 days 12:00:00,618 days 16:00:00,730 days 00:00:00,0.0,0.0,0.0,0.0,True,False,False,False,False,2
Robatumumab,0.0,0.0,0.0,260.0,0.0,0.0,0.0,0.0,0.0,0.0,0.0,620 days 00:00:00,0.0,0.0,0.0,0.0,False,False,False,False,False,2
Temozolomide,0.0,129.0,0.0,0.0,0.0,0.0,0.0,0.0,0.0,1683 days 08:00:00,0.0,0.0,0.0,0.0,0.0,0.0,True,False,False,False,False,2
Colecalciferol/raloxifene,0.0,0.0,46.0,0.0,0.0,0.0,0.0,0.0,0.0,0.0,85 days 00:00:00,0.0,0.0,0.0,0.0,0.0,False,False,False,False,False,1
Tibolone,,0.0,0.0,0.0,0.0,0.0,0.0,0.0,852 days 00:00:00,0.0,0.0,0.0,0.0,0.0,0.0,0.0,False,True,True,False,False,3
Ralimetinib,0.0,114.0,0.0,0.0,0.0,0.0,0.0,0.0,0.0,821 days 00:00:00,0.0,0.0,0.0,0.0,0.0,0.0,True,False,False,False,False,0
AGM-130,0.0,0.0,0.0,0.0,6.0,0.0,0.0,0.0,0.0,0.0,0.0,0.0,35 days 00:00:00,0.0,0.0,0.0,False,False,False,False,False,1
Naltrexone,0.0,35.0,0.0,0.0,0.0,0.0,0.0,0.0,0.0,2496 days 00:00:00,0.0,0.0,0.0,0.0,0.0,0.0,True,False,False,False,False,0
TKM PLK1,0.0,0.0,54.0,0.0,0.0,0.0,0.0,0.0,0.0,0.0,300 days 00:00:00,0.0,0.0,0.0,0.0,0.0,False,False,False,False,False,1
Paclitaxel trevatide,0.0,88.5,0.0,0.0,0.0,0.0,0.0,0.0,0.0,1095 days 12:00:00,0.0,0.0,0.0,0.0,0.0,0.0,True,False,False,False,False,2
Cancer vaccine HER-2 neu,0.0,0.0,18.0,29.0,0.0,0.0,0.0,0.0,0.0,0.0,1266 days 00:00:00,1334 days 12:00:00,0.0,0.0,0.0,0.0,False,False,False,False,False,1
Serabelisib,0.0,0.0,124.0,0.0,0.0,0.0,0.0,0.0,0.0,0.0,1553 days 00:00:00,0.0,0.0,0.0,0.0,0.0,False,False,False,False,False,1
Vatalanib,0.0,0.0,24.0,7.0,0.0,0.0,0.0,0.0,0.0,0.0,1948 days 00:00:00,577 days 00:00:00,0.0,0.0,0.0,0.0,False,False,False,False,False,1
Gallium-68 NOTA AE105,0.0,50.0,10.0,0.0,0.0,0.0,0.0,0.0,0.0,395 days 00:00:00,92 days 00:00:00,0.0,0.0,0.0,0.0,0.0,True,False,False,False,False,1
DM CHOC PEN,0.0,90.0,18.0,0.0,0.0,0.0,0.0,0.0,0.0,1004 days 00:00:00,1157 days 00:00:00,0.0,0.0,0.0,0.0,0.0,True,False,False,False,False,1
Saracatinib,0.0,104.33333333333333,18.0,0.0,0.0,0.0,0.0,0.0,0.0,1570 days 16:00:00,120 days 00:00:00,0.0,0.0,0.0,0.0,0.0,True,False,False,False,False,1
Pilaralisib,0.0,0.0,74.0,84.0,0.0,0.0,0.0,0.0,0.0,0.0,1491 days 00:00:00,1034 days 00:00:00,0.0,0.0,0.0,0.0,False,False,False,False,False,4
Octreotide,850.0,0.0,0.0,0.0,0.0,0.0,0.0,0.0,4991 days 00:00:00,0.0,0.0,0.0,0.0,0.0,0.0,0.0,False,True,True,False,False,0
BMS 754807,0.0,100.0,0.0,0.0,0.0,0.0,0.0,0.0,0.0,1431 days 00:00:00,0.0,0.0,0.0,0.0,0.0,0.0,True,False,False,False,False,1
Paricalcitol,0.0,0.0,25.0,0.0,0.0,0.0,0.0,0.0,0.0,0.0,1826 days 00:00:00,0.0,0.0,0.0,0.0,0.0,False,False,False,False,False,2
Trametinib,0.0,0.0,15.0,0.0,0.0,0.0,0.0,0.0,0.0,0.0,1552 days 00:00:00,0.0,0.0,0.0,0.0,0.0,False,False,False,False,False,1
XOMA-213,0.0,0.0,43.5,0.0,0.0,0.0,0.0,0.0,0.0,0.0,761 days 00:00:00,0.0,0.0,0.0,0.0,0.0,False,False,False,False,False,2
Aprepitant,0.0,0.0,20.0,0.0,0.0,0.0,0.0,0.0,0.0,0.0,1887 days 00:00:00,0.0,0.0,0.0,0.0,0.0,False,False,False,False,False,1
Luminespib,0.0,0.0,0.0,91.0,0.0,0.0,0.0,0.0,0.0,0.0,0.0,1434 days 12:00:00,0.0,0.0,0.0,0.0,False,False,False,False,False,1
Vismodegib,0.0,0.0,78.0,0.0,0.0,0.0,0.0,0.0,0.0,0.0,147 days 00:00:00,0.0,0.0,0.0,0.0,0.0,False,False,False,False,False,4
Dactolisib,0.0,0.0,0.0,208.5,0.0,0.0,0.0,0.0,0.0,0.0,0.0,1535 days 00:00:00,0.0,0.0,0.0,0.0,False,False,False,False,False,1
SNX 5422,0.0,0.0,0.0,35.0,0.0,0.0,0.0,0.0,0.0,0.0,0.0,791 days 00:00:00,0.0,0.0,0.0,0.0,False,False,False,False,False,1
Patupilone,0.0,51.5,0.0,0.0,0.0,0.0,0.0,0.0,0.0,1308 days 00:00:00,0.0,0.0,0.0,0.0,0.0,0.0,True,False,False,False,False,1
Selumetinib,0.0,30.0,0.0,0.0,0.0,0.0,0.0,0.0,0.0,1155 days 00:00:00,0.0,0.0,0.0,0.0,0.0,0.0,True,False,False,False,False,0
Ramucirumab,0.0,140.0,0.0,0.0,0.0,0.0,0.0,0.0,0.0,943 days 00:00:00,0.0,0.0,0.0,0.0,0.0,0.0,True,False,False,False,False,1
Imetelstat,0.0,156.0,26.5,0.0,0.0,0.0,0.0,0.0,0.0,761 days 00:00:00,1536 days 12:00:00,0.0,0.0,0.0,0.0,0.0,True,False,False,False,False,1
Onartuzumab,0.0,186.0,0.0,0.0,0.0,0.0,0.0,0.0,0.0,1827 days 00:00:00,0.0,0.0,0.0,0.0,0.0,0.0,True,False,False,False,False,2
CLR 1404 I-124,0.0,0.0,0.0,108.0,0.0,0.0,0.0,0.0,0.0,0.0,0.0,1400 days 00:00:00,0.0,0.0,0.0,0.0,False,False,False,False,False,1
Fluorine-18 ML 10,0.0,,0.0,0.0,0.0,0.0,0.0,0.0,0.0,577 days 00:00:00,0.0,0.0,0.0,0.0,0.0,0.0,True,False,False,False,False,1
HER2/Neu GP2 peptide vaccine NuGenerex Immuno-Oncology,0.0,0.0,70.0,0.0,0.0,0.0,0.0,0.0,0.0,0.0,3288 days 00:00:00,0.0,0.0,0.0,0.0,0.0,False,False,False,False,False,0
BAY 1125976,0.0,0.0,100.0,0.0,0.0,0.0,0.0,0.0,0.0,0.0,1187 days 00:00:00,0.0,0.0,0.0,0.0,0.0,False,False,False,False,False,1
Omega-3-acid ethyl esters,0.0,30.0,0.0,0.0,0.0,0.0,0.0,0.0,0.0,897 days 00:00:00,0.0,0.0,0.0,0.0,0.0,0.0,True,False,False,False,False,1
Axitinib,0.0,0.0,43.0,0.0,0.0,0.0,0.0,0.0,0.0,0.0,41 days 00:00:00,0.0,0.0,0.0,0.0,0.0,False,False,False,False,False,1
Seribantumab,0.0,165.0,34.5,0.0,0.0,0.0,0.0,0.0,0.0,1294 days 00:00:00,1171 days 12:00:00,0.0,0.0,0.0,0.0,0.0,True,False,False,False,False,2
AZD 9496,0.0,0.0,14.0,0.0,0.0,0.0,0.0,0.0,0.0,0.0,92 days 00:00:00,0.0,0.0,0.0,0.0,0.0,False,False,False,False,False,1
Arzoxifene,9100.0,117.0,0.0,0.0,0.0,70.0,0.0,0.0,1979 days 00:00:00,1156 days 12:00:00,0.0,0.0,0.0,2281 days 00:00:00,0.0,0.0,True,True,True,True,True,2
Filgrastim,0.0,,,0.0,0.0,0.0,0.0,0.0,0.0,1689 days 12:00:00,4902 days 00:00:00,0.0,0.0,0.0,0.0,0.0,True,False,False,False,False,1
Ganitumab,0.0,156.0,0.0,0.0,0.0,0.0,0.0,0.0,0.0,1248 days 00:00:00,0.0,0.0,0.0,0.0,0.0,0.0,True,False,False,False,False,1
Empegfilgrastim,0.0,60.0,0.0,0.0,0.0,0.0,0.0,0.0,0.0,276 days 00:00:00,0.0,0.0,0.0,0.0,0.0,0.0,True,False,False,False,False,1
Motesanib,0.0,273.0,54.0,74.0,0.0,0.0,0.0,0.0,0.0,2107 days 00:00:00,1690 days 12:00:00,1735 days 00:00:00,0.0,0.0,0.0,0.0,True,False,False,False,False,1
LOR 2040,0.0,39.0,0.0,0.0,0.0,0.0,0.0,0.0,0.0,2343 days 00:00:00,0.0,0.0,0.0,0.0,0.0,0.0,True,False,False,False,False,0
MORAb 066,0.0,0.0,40.0,0.0,0.0,0.0,0.0,0.0,0.0,0.0,1126 days 00:00:00,0.0,0.0,0.0,0.0,0.0,False,False,False,False,False,2
OPB 111001,0.0,0.0,0.0,80.0,0.0,0.0,0.0,0.0,0.0,0.0,0.0,396 days 00:00:00,0.0,0.0,0.0,0.0,False,False,False,False,False,1
Apitolisib,0.0,0.0,32.75,0.0,0.0,0.0,0.0,0.0,0.0,0.0,586 days 00:00:00,0.0,0.0,0.0,0.0,0.0,False,False,False,False,False,2
Gefitinib,14.0,94.0,0.0,0.0,0.0,0.0,0.0,,3772 days 00:00:00,1168 days 00:00:00,0.0,0.0,0.0,0.0,0.0,610 days 00:00:00,True,True,True,False,False,1
VRP 1620,0.0,0.0,0.0,45.0,0.0,0.0,0.0,0.0,0.0,0.0,0.0,365 days 00:00:00,0.0,0.0,0.0,0.0,False,False,False,False,False,1
Ipilimumab,0.0,33.0,18.0,0.0,0.0,0.0,0.0,0.0,0.0,1007 days 00:00:00,1096 days 00:00:00,0.0,0.0,0.0,0.0,0.0,True,False,False,False,False,2
Figitumumab,0.0,260.0,0.0,0.0,0.0,0.0,0.0,0.0,0.0,2683 days 00:00:00,0.0,0.0,0.0,0.0,0.0,0.0,True,False,False,False,False,1
Panagen,0.0,80.0,0.0,0.0,0.0,0.0,0.0,0.0,0.0,731 days 00:00:00,0.0,0.0,0.0,0.0,0.0,0.0,True,False,False,False,False,1
Dacomitinib,0.0,29.0,0.0,0.0,0.0,0.0,0.0,0.0,0.0,730 days 00:00:00,0.0,0.0,0.0,0.0,0.0,0.0,True,False,False,False,False,1
Cediranib,0.0,40.333333333333336,0.0,0.0,0.0,0.0,0.0,0.0,0.0,1235 days 08:00:00,0.0,0.0,0.0,0.0,0.0,0.0,True,False,False,False,False,1
Savolitinib,0.0,0.0,50.0,0.0,0.0,0.0,0.0,0.0,0.0,0.0,1530 days 00:00:00,0.0,0.0,0.0,0.0,0.0,False,False,False,False,False,2
CEP 9722,0.0,0.0,0.0,70.0,0.0,0.0,0.0,0.0,0.0,0.0,0.0,884 days 00:00:00,0.0,0.0,0.0,0.0,False,False,False,False,False,2
Valspodar,0.0,70.0,0.0,0.0,0.0,0.0,0.0,0.0,0.0,3440 days 00:00:00,0.0,0.0,0.0,0.0,0.0,0.0,True,False,False,False,False,0
RG 4733,0.0,25.0,40.0,86.0,0.0,0.0,0.0,0.0,0.0,1887 days 00:00:00,792 days 00:00:00,654 days 12:00:00,0.0,0.0,0.0,0.0,True,False,False,False,False,0
Panobinostat,0.0,135.0,47.5,0.0,0.0,0.0,0.0,0.0,0.0,1321 days 12:00:00,1049 days 12:00:00,0.0,0.0,0.0,0.0,0.0,True,False,False,False,False,1
Pralatrexate,0.0,78.0,0.0,0.0,0.0,0.0,0.0,0.0,0.0,1095 days 00:00:00,0.0,0.0,0.0,0.0,0.0,0.0,True,False,False,False,False,2
Galunisertib,0.0,0.0,40.0,0.0,0.0,0.0,0.0,0.0,0.0,0.0,61 days 00:00:00,0.0,0.0,0.0,0.0,0.0,False,False,False,False,False,1
Rasdegafusp-alfa,0.0,0.0,0.0,70.0,0.0,0.0,0.0,0.0,0.0,0.0,0.0,1614 days 00:00:00,0.0,0.0,0.0,0.0,False,False,False,False,False,1
ONT 10,0.0,0.0,78.0,0.0,0.0,0.0,0.0,0.0,0.0,0.0,914 days 00:00:00,0.0,0.0,0.0,0.0,0.0,False,False,False,False,False,1
Tc 99m tilmanocept,174.5,0.0,0.0,0.0,0.0,52.0,0.0,0.0,380 days 00:00:00,0.0,0.0,0.0,0.0,337 days 00:00:00,0.0,0.0,False,True,True,True,True,1
Temsirolimus,0.0,0.0,20.0,0.0,0.0,0.0,0.0,0.0,0.0,0.0,1430 days 00:00:00,0.0,0.0,0.0,0.0,0.0,False,False,False,False,False,1
Cyclophosphamide,0.0,80.0,0.0,0.0,0.0,0.0,0.0,0.0,0.0,3259 days 00:00:00,0.0,0.0,0.0,0.0,0.0,0.0,True,False,False,False,False,1
Teprotumumab,0.0,0.0,285.0,0.0,0.0,0.0,0.0,0.0,0.0,0.0,1000 days 12:00:00,0.0,0.0,0.0,0.0,0.0,False,False,False,False,False,1
MM-151,0.0,0.0,115.0,0.0,0.0,0.0,0.0,0.0,0.0,0.0,1451 days 00:00:00,0.0,0.0,0.0,0.0,0.0,False,False,False,False,False,2
Doxorubicin,0.0,0.0,33.0,0.0,0.0,0.0,0.0,0.0,0.0,0.0,518 days 00:00:00,0.0,0.0,0.0,0.0,0.0,False,False,False,False,False,1
Larotaxel,0.0,175.66666666666666,0.0,30.0,0.0,0.0,0.0,0.0,0.0,1126 days 00:00:00,0.0,943 days 00:00:00,0.0,0.0,0.0,0.0,True,False,False,False,False,2
Tegafur/uracil,990.0,0.0,0.0,26.0,0.0,0.0,0.0,0.0,4261 days 12:00:00,0.0,0.0,2588 days 00:00:00,0.0,0.0,0.0,0.0,False,True,True,False,False,1
Foretinib,0.0,44.0,0.0,0.0,0.0,0.0,0.0,0.0,0.0,1713 days 00:00:00,0.0,0.0,0.0,0.0,0.0,0.0,True,False,False,False,False,0
Bavituximab,0.0,0.0,14.0,0.0,0.0,0.0,0.0,0.0,0.0,0.0,1642 days 00:00:00,0.0,0.0,0.0,0.0,0.0,False,False,False,False,False,1
Paclitide,0.0,144.0,0.0,0.0,0.0,0.0,0.0,0.0,0.0,760 days 00:00:00,0.0,0.0,0.0,0.0,0.0,0.0,True,False,False,False,False,0
P-toluenesulfonamide,0.0,,0.0,0.0,0.0,0.0,0.0,0.0,0.0,415 days 00:00:00,0.0,0.0,0.0,0.0,0.0,0.0,True,False,False,False,False,1
Pegargiminase,0.0,0.0,36.0,0.0,0.0,0.0,0.0,0.0,0.0,0.0,731 days 00:00:00,0.0,0.0,0.0,0.0,0.0,False,False,False,False,False,1
AT 406,0.0,0.0,31.0,0.0,0.0,0.0,0.0,0.0,0.0,0.0,1065 days 00:00:00,0.0,0.0,0.0,0.0,0.0,False,False,False,False,False,1
Custirsen,0.0,42.0,30.0,0.0,0.0,0.0,0.0,0.0,0.0,1162 days 00:00:00,2462 days 00:00:00,0.0,0.0,0.0,0.0,0.0,True,False,False,False,False,0
Endostatin,0.0,60.0,0.0,0.0,0.0,0.0,0.0,0.0,0.0,700 days 00:00:00,0.0,0.0,0.0,0.0,0.0,0.0,True,False,False,False,False,0
Tivantinib,0.0,26.0,0.0,0.0,0.0,0.0,0.0,0.0,0.0,824 days 00:00:00,0.0,0.0,0.0,0.0,0.0,0.0,True,False,False,False,False,0
Rucaparib,0.0,114.0,0.0,0.0,0.0,0.0,0.0,0.0,0.0,2624 days 00:00:00,0.0,0.0,0.0,0.0,0.0,0.0,True,False,False,False,False,0
Breast cancer vaccine,0.0,0.0,15.0,0.0,0.0,0.0,0.0,0.0,0.0,0.0,1887 days 00:00:00,0.0,0.0,0.0,0.0,0.0,False,False,False,False,False,0
Lonafarnib,0.0,124.0,36.0,0.0,0.0,0.0,0.0,0.0,0.0,1065 days 08:00:00,1553 days 00:00:00,0.0,0.0,0.0,0.0,0.0,True,False,False,False,False,2
Darbepoetin alfa,720.0,0.0,0.0,0.0,0.0,0.0,0.0,0.0,2572 days 12:00:00,0.0,0.0,0.0,0.0,0.0,0.0,0.0,False,True,True,False,False,3
Landogrozumab,0.0,0.0,32.0,0.0,0.0,0.0,0.0,0.0,0.0,0.0,2922 days 00:00:00,0.0,0.0,0.0,0.0,0.0,False,False,False,False,False,1
Agatolimod,0.0,45.0,0.0,0.0,0.0,0.0,0.0,0.0,0.0,1885 days 00:00:00,0.0,0.0,0.0,0.0,0.0,0.0,True,False,False,False,False,1
Adagloxad simolenin,0.0,0.0,30.0,0.0,0.0,0.0,0.0,0.0,0.0,0.0,2894 days 00:00:00,0.0,0.0,0.0,0.0,0.0,False,False,False,False,False,0
ONC 201,0.0,0.0,0.0,80.0,0.0,0.0,0.0,0.0,0.0,0.0,0.0,334 days 00:00:00,0.0,0.0,0.0,0.0,False,False,False,False,False,1
Abexinostat,0.0,0.0,40.0,0.0,0.0,0.0,0.0,0.0,0.0,0.0,881 days 00:00:00,0.0,0.0,0.0,0.0,0.0,False,False,False,False,False,1
MM 111,0.0,0.0,73.5,0.0,0.0,0.0,0.0,0.0,0.0,0.0,1111 days 00:00:00,0.0,0.0,0.0,0.0,0.0,False,False,False,False,False,1
Ridaforolimus,0.0,66.0,59.666666666666664,0.0,0.0,0.0,0.0,0.0,0.0,1005 days 00:00:00,871 days 00:00:00,0.0,0.0,0.0,0.0,0.0,True,False,False,False,False,2
Sagopilone,0.0,62.0,0.0,0.0,0.0,0.0,0.0,0.0,0.0,1249 days 08:00:00,0.0,0.0,0.0,0.0,0.0,0.0,True,False,False,False,False,3
Modafinil,,0.0,0.0,0.0,0.0,0.0,0.0,0.0,638 days 00:00:00,0.0,0.0,0.0,0.0,0.0,0.0,0.0,False,True,True,False,False,1
Eftilagimod alpha,0.0,0.0,0.0,24.0,0.0,0.0,0.0,0.0,0.0,0.0,0.0,1280 days 00:00:00,0.0,0.0,0.0,0.0,False,False,False,False,False,1
OM-MUC 1,0.0,0.0,0.0,,0.0,0.0,0.0,0.0,0.0,0.0,0.0,487 days 00:00:00,0.0,0.0,0.0,0.0,False,False,False,False,False,1
Pirarubicin,0.0,0.0,0.0,0.0,0.0,,0.0,0.0,0.0,0.0,0.0,0.0,0.0,1065 days 00:00:00,0.0,0.0,False,False,False,True,True,0
Alvespimycin,0.0,25.0,30.0,0.0,0.0,0.0,0.0,0.0,0.0,61 days 00:00:00,1279 days 00:00:00,0.0,0.0,0.0,0.0,0.0,True,False,False,False,False,2
Trebananib,0.0,220.0,58.0,0.0,0.0,0.0,0.0,0.0,0.0,2496 days 00:00:00,2405 days 00:00:00,0.0,0.0,0.0,0.0,0.0,True,False,False,False,False,1
CUDC 101,0.0,0.0,50.0,0.0,0.0,0.0,0.0,0.0,0.0,0.0,457 days 00:00:00,0.0,0.0,0.0,0.0,0.0,False,False,False,False,False,1
P 276,0.0,0.0,0.0,140.0,0.0,0.0,0.0,0.0,0.0,0.0,0.0,943 days 00:00:00,0.0,0.0,0.0,0.0,False,False,False,False,False,1
Lasofoxifene,8556.0,0.0,0.0,0.0,0.0,0.0,0.0,0.0,2221 days 00:00:00,0.0,0.0,0.0,0.0,0.0,0.0,0.0,False,True,True,False,False,2
BMS 753493,0.0,0.0,0.0,93.0,0.0,0.0,0.0,0.0,0.0,0.0,0.0,805 days 12:00:00,0.0,0.0,0.0,0.0,False,False,False,False,False,1
CNF 2024,0.0,80.0,0.0,0.0,0.0,0.0,0.0,0.0,0.0,699 days 00:00:00,0.0,0.0,0.0,0.0,0.0,0.0,True,False,False,False,False,1
Desmopressin,0.0,20.0,0.0,0.0,0.0,0.0,0.0,0.0,0.0,1338 days 00:00:00,0.0,0.0,0.0,0.0,0.0,0.0,True,False,False,False,False,1
MDX 1105,0.0,0.0,290.0,0.0,0.0,0.0,0.0,0.0,0.0,0.0,2341 days 00:00:00,0.0,0.0,0.0,0.0,0.0,False,False,False,False,False,2
Onapristone,0.0,0.0,12.0,0.0,0.0,0.0,0.0,0.0,0.0,0.0,132 days 00:00:00,0.0,0.0,0.0,0.0,0.0,False,False,False,False,False,1
Metformin,0.0,40.0,0.0,0.0,0.0,0.0,0.0,0.0,0.0,1035 days 00:00:00,0.0,0.0,0.0,0.0,0.0,0.0,True,False,False,False,False,0
Perifosine,0.0,18.0,0.0,0.0,0.0,0.0,0.0,0.0,0.0,1400 days 00:00:00,0.0,0.0,0.0,0.0,0.0,0.0,True,False,False,False,False,0
Afimoxifene,0.0,112.0,0.0,0.0,0.0,0.0,0.0,0.0,0.0,1687 days 00:00:00,0.0,0.0,0.0,0.0,0.0,0.0,True,False,False,False,False,0
Icaritin,0.0,0.0,,0.0,0.0,0.0,0.0,0.0,0.0,0.0,639 days 00:00:00,0.0,0.0,0.0,0.0,0.0,False,False,False,False,False,0
Elacestrant,0.0,0.0,,0.0,0.0,0.0,0.0,0.0,0.0,0.0,409 days 00:00:00,0.0,0.0,0.0,0.0,0.0,False,False,False,False,False,1
Irinotecan,0.0,117.0,0.0,0.0,0.0,0.0,0.0,0.0,0.0,2130 days 00:00:00,0.0,0.0,0.0,0.0,0.0,0.0,True,False,False,False,False,1
SR 16234,0.0,180.0,0.0,0.0,0.0,0.0,0.0,0.0,0.0,1583 days 00:00:00,0.0,0.0,0.0,0.0,0.0,0.0,True,False,False,False,False,2
Imexon,0.0,0.0,60.0,0.0,0.0,0.0,0.0,0.0,0.0,0.0,1028 days 00:00:00,0.0,0.0,0.0,0.0,0.0,False,False,False,False,False,1
Interleukin-7,0.0,24.0,0.0,0.0,0.0,0.0,0.0,0.0,0.0,1117 days 00:00:00,0.0,0.0,0.0,0.0,0.0,0.0,True,False,False,False,False,1
Alemtuzumab,0.0,70.0,0.0,0.0,0.0,0.0,0.0,0.0,0.0,3561 days 00:00:00,0.0,0.0,0.0,0.0,0.0,0.0,True,False,False,False,False,0
Ertumaxomab,0.0,40.0,0.0,0.0,0.0,0.0,0.0,0.0,0.0,834 days 00:00:00,0.0,0.0,0.0,0.0,0.0,0.0,True,False,False,False,False,1
Technetium Tc99m etarfolatide,0.0,40.0,0.0,0.0,0.0,0.0,0.0,0.0,0.0,731 days 00:00:00,0.0,0.0,0.0,0.0,0.0,0.0,True,False,False,False,False,1
Cancer vaccine Theratope,950.0,0.0,0.0,0.0,0.0,0.0,0.0,0.0,2906 days 12:00:00,0.0,0.0,0.0,0.0,0.0,0.0,0.0,False,True,True,False,False,1
CLR 1404 I-131,0.0,0.0,24.0,0.0,0.0,0.0,0.0,0.0,0.0,0.0,715 days 00:00:00,0.0,0.0,0.0,0.0,0.0,False,False,False,False,False,1
BGT 226,0.0,0.0,0.0,130.0,0.0,0.0,0.0,0.0,0.0,0.0,0.0,821 days 00:00:00,0.0,0.0,0.0,0.0,False,False,False,False,False,1
VM 206,0.0,0.0,9.0,0.0,0.0,0.0,0.0,0.0,0.0,0.0,945 days 00:00:00,0.0,0.0,0.0,0.0,0.0,False,False,False,False,False,1
Amrubicin,0.0,0.0,0.0,60.0,0.0,0.0,0.0,0.0,0.0,0.0,0.0,1765 days 00:00:00,0.0,0.0,0.0,0.0,False,False,False,False,False,1
Berubicin,0.0,41.0,0.0,0.0,0.0,0.0,0.0,0.0,0.0,458 days 00:00:00,0.0,0.0,0.0,0.0,0.0,0.0,True,False,False,False,False,1
Curcumin,0.0,0.0,30.0,0.0,0.0,0.0,0.0,0.0,0.0,0.0,366 days 00:00:00,0.0,0.0,0.0,0.0,0.0,False,False,False,False,False,3
Rose bengal sodium,0.0,0.0,15.0,0.0,0.0,0.0,0.0,0.0,0.0,0.0,1096 days 00:00:00,0.0,0.0,0.0,0.0,0.0,False,False,False,False,False,1
Linifanib,0.0,102.0,0.0,0.0,0.0,0.0,0.0,0.0,0.0,518 days 00:00:00,0.0,0.0,0.0,0.0,0.0,0.0,True,False,False,False,False,3
Zibotentan,0.0,0.0,32.0,0.0,0.0,0.0,0.0,0.0,0.0,0.0,318 days 00:00:00,0.0,0.0,0.0,0.0,0.0,False,False,False,False,False,1
Lonaprisan,0.0,72.0,0.0,0.0,0.0,0.0,0.0,0.0,0.0,1095 days 00:00:00,0.0,0.0,0.0,0.0,0.0,0.0,True,False,False,False,False,1
Radium 223 chloride,0.0,20.0,0.0,0.0,0.0,0.0,0.0,0.0,0.0,730 days 00:00:00,0.0,0.0,0.0,0.0,0.0,0.0,True,False,False,False,False,2
Telapristone,0.0,0.0,12.0,0.0,0.0,0.0,0.0,0.0,0.0,0.0,61 days 12:00:00,0.0,0.0,0.0,0.0,0.0,False,False,False,False,False,1
Onalespib,0.0,0.0,60.0,0.0,0.0,0.0,0.0,0.0,0.0,0.0,2130 days 00:00:00,0.0,0.0,0.0,0.0,0.0,False,False,False,False,False,1
Amonafide,0.0,175.0,0.0,0.0,0.0,0.0,0.0,0.0,0.0,397 days 00:00:00,0.0,0.0,0.0,0.0,0.0,0.0,True,False,False,False,False,1
MKC 1,0.0,53.0,40.0,0.0,0.0,0.0,0.0,0.0,0.0,1035 days 00:00:00,1035 days 00:00:00,0.0,0.0,0.0,0.0,0.0,True,False,False,False,False,1
Sepantronium bromide,0.0,100.0,0.0,0.0,0.0,0.0,0.0,0.0,0.0,1278 days 00:00:00,0.0,0.0,0.0,0.0,0.0,0.0,True,False,False,False,False,1
Famitinib,0.0,77.0,0.0,0.0,0.0,0.0,0.0,0.0,0.0,549 days 00:00:00,0.0,0.0,0.0,0.0,0.0,0.0,True,False,False,False,False,1
Indisulam,0.0,215.0,0.0,0.0,0.0,0.0,0.0,0.0,0.0,729 days 12:00:00,0.0,0.0,0.0,0.0,0.0,0.0,True,False,False,False,False,1
Paclitaxel poliglumex,0.0,0.0,18.0,0.0,0.0,0.0,0.0,0.0,0.0,0.0,2496 days 00:00:00,0.0,0.0,0.0,0.0,0.0,False,False,False,False,False,2
V 935,0.0,0.0,42.0,0.0,0.0,0.0,0.0,0.0,0.0,0.0,973 days 00:00:00,0.0,0.0,0.0,0.0,0.0,False,False,False,False,False,1
Oblimersen,0.0,0.0,23.0,69.0,0.0,0.0,0.0,0.0,0.0,0.0,1219 days 00:00:00,1737 days 00:00:00,0.0,0.0,0.0,0.0,False,False,False,False,False,1
Tesmilifene,0.0,0.0,28.0,0.0,0.0,0.0,0.0,0.0,0.0,0.0,610 days 00:00:00,0.0,0.0,0.0,0.0,0.0,False,False,False,False,False,1
ETBX 011,0.0,0.0,0.0,24.0,0.0,0.0,0.0,0.0,0.0,0.0,0.0,1004 days 00:00:00,0.0,0.0,0.0,0.0,False,False,False,False,False,1
KW 2450,0.0,0.0,0.0,198.0,0.0,0.0,0.0,0.0,0.0,0.0,0.0,731 days 00:00:00,0.0,0.0,0.0,0.0,False,False,False,False,False,1
Maraciclatide,0.0,0.0,,0.0,0.0,0.0,0.0,0.0,0.0,0.0,2102 days 00:00:00,0.0,0.0,0.0,0.0,0.0,False,False,False,False,False,1
Panitumumab,0.0,50.0,0.0,0.0,0.0,0.0,0.0,0.0,0.0,738 days 00:00:00,0.0,0.0,0.0,0.0,0.0,0.0,True,False,False,False,False,4
Lenalidomide,0.0,0.0,28.0,0.0,0.0,0.0,0.0,0.0,0.0,0.0,92 days 00:00:00,0.0,0.0,0.0,0.0,0.0,False,False,False,False,False,1
F16 IL2 fusion protein,0.0,0.0,0.0,39.0,0.0,0.0,0.0,0.0,0.0,0.0,0.0,1644 days 00:00:00,0.0,0.0,0.0,0.0,False,False,False,False,False,1
Trabectedin,0.0,321.0,0.0,0.0,0.0,0.0,0.0,0.0,0.0,1567 days 00:00:00,0.0,0.0,0.0,0.0,0.0,0.0,True,False,False,False,False,2
MK 0752,0.0,0.0,100.0,0.0,0.0,0.0,0.0,0.0,0.0,0.0,2313 days 00:00:00,0.0,0.0,0.0,0.0,0.0,False,False,False,False,False,1
Toremifene,20.0,40.0,0.0,0.0,0.0,0.0,90.0,0.0,273 days 00:00:00,1461 days 00:00:00,0.0,0.0,0.0,0.0,1064 days 00:00:00,0.0,True,True,True,False,False,0
Edotecarin,0.0,65.0,0.0,0.0,0.0,0.0,0.0,0.0,0.0,2375 days 00:00:00,0.0,0.0,0.0,0.0,0.0,0.0,True,False,False,False,False,1
Alvocidib,0.0,0.0,80.0,0.0,0.0,0.0,0.0,0.0,0.0,0.0,1035 days 00:00:00,0.0,0.0,0.0,0.0,0.0,False,False,False,False,False,0
Catumaxomab,0.0,0.0,0.0,0.0,0.0,0.0,258.0,0.0,0.0,0.0,0.0,0.0,0.0,0.0,791 days 00:00:00,0.0,False,False,False,False,False,2
Megestrol,0.0,0.0,0.0,0.0,0.0,10.0,0.0,0.0,0.0,0.0,0.0,0.0,0.0,2618 days 00:00:00,0.0,0.0,False,False,False,True,True,0
ARRY 382,0.0,0.0,50.0,0.0,0.0,0.0,0.0,0.0,0.0,0.0,580 days 00:00:00,0.0,0.0,0.0,0.0,0.0,False,False,False,False,False,2
Atorvastatin,0.0,0.0,66.0,0.0,0.0,0.0,0.0,0.0,0.0,0.0,1675 days 00:00:00,0.0,0.0,0.0,0.0,0.0,False,False,False,False,False,0
IMGN 388,0.0,0.0,90.0,0.0,0.0,0.0,0.0,0.0,0.0,0.0,1644 days 00:00:00,0.0,0.0,0.0,0.0,0.0,False,False,False,False,False,2
PD 325901,0.0,0.0,0.0,310.0,0.0,0.0,0.0,0.0,0.0,0.0,0.0,2707 days 00:00:00,0.0,0.0,0.0,0.0,False,False,False,False,False,1
Niraparib,0.0,0.0,150.0,0.0,0.0,0.0,0.0,0.0,0.0,0.0,1737 days 00:00:00,0.0,0.0,0.0,0.0,0.0,False,False,False,False,False,1
OCX 191,0.0,75.0,21.0,0.0,0.0,0.0,0.0,0.0,0.0,608 days 00:00:00,3532 days 00:00:00,0.0,0.0,0.0,0.0,0.0,True,False,False,False,False,1
MDNA 55,0.0,0.0,36.0,0.0,0.0,0.0,0.0,0.0,0.0,0.0,2373 days 00:00:00,0.0,0.0,0.0,0.0,0.0,False,False,False,False,False,1
BTH 1704,0.0,0.0,24.0,0.0,0.0,0.0,0.0,0.0,0.0,0.0,764 days 00:00:00,0.0,0.0,0.0,0.0,0.0,False,False,False,False,False,1
Thalidomide,332.0,0.0,0.0,0.0,0.0,0.0,0.0,0.0,1522 days 00:00:00,0.0,0.0,0.0,0.0,0.0,0.0,0.0,False,True,True,False,False,0
Suramin sodium,0.0,0.0,0.0,46.0,0.0,0.0,0.0,0.0,0.0,0.0,0.0,1917 days 00:00:00,0.0,0.0,0.0,0.0,False,False,False,False,False,0
BMS 690514,0.0,175.0,17.0,0.0,0.0,0.0,0.0,0.0,0.0,161 days 00:00:00,0.0,0.0,0.0,0.0,0.0,0.0,True,False,False,False,False,1
ZYC 300,0.0,0.0,20.0,0.0,0.0,0.0,0.0,0.0,0.0,0.0,792 days 00:00:00,0.0,0.0,0.0,0.0,0.0,False,False,False,False,False,2
Phaleria macrocarpa,0.0,24.0,0.0,0.0,0.0,0.0,40.0,0.0,0.0,943 days 00:00:00,0.0,0.0,0.0,0.0,458 days 00:00:00,0.0,True,False,False,False,False,1
Efaproxiral,360.0,0.0,0.0,0.0,0.0,0.0,0.0,0.0,1216 days 00:00:00,0.0,0.0,0.0,0.0,0.0,0.0,0.0,False,True,True,False,False,2
MVA BN HER2,0.0,0.0,20.0,0.0,0.0,0.0,0.0,0.0,0.0,0.0,823 days 00:00:00,0.0,0.0,0.0,0.0,0.0,False,False,False,False,False,3
Folitixorin,0.0,0.0,15.0,0.0,0.0,0.0,0.0,0.0,0.0,0.0,30 days 00:00:00,0.0,0.0,0.0,0.0,0.0,False,False,False,False,False,1
Decitabine,0.0,0.0,24.0,0.0,0.0,0.0,0.0,0.0,0.0,0.0,2466 days 00:00:00,0.0,0.0,0.0,0.0,0.0,False,False,False,False,False,0
Bexarotene,0.0,0.0,30.0,0.0,0.0,0.0,0.0,0.0,0.0,0.0,1826 days 00:00:00,0.0,0.0,0.0,0.0,0.0,False,False,False,False,False,0
Aflibercept,0.0,45.0,0.0,0.0,0.0,0.0,0.0,0.0,0.0,1461 days 00:00:00,0.0,0.0,0.0,0.0,0.0,0.0,True,False,False,False,False,0
Becatecarin,0.0,42.0,0.0,0.0,0.0,0.0,0.0,0.0,0.0,2252 days 00:00:00,0.0,0.0,0.0,0.0,0.0,0.0,True,False,False,False,False,0
Bosutinib,0.0,75.0,45.833333333333336,0.0,0.0,0.0,0.0,0.0,0.0,1037 days 00:00:00,75 days 20:00:00,0.0,0.0,0.0,0.0,0.0,True,False,False,False,False,2
Fluvastatin,0.0,60.0,0.0,0.0,0.0,0.0,0.0,0.0,0.0,1796 days 00:00:00,0.0,0.0,0.0,0.0,0.0,0.0,True,False,False,False,False,0
Retaspimycin,0.0,92.0,0.0,56.0,0.0,0.0,0.0,0.0,0.0,791 days 00:00:00,0.0,671 days 00:00:00,0.0,0.0,0.0,0.0,True,False,False,False,False,1
AVE 1642,0.0,100.0,0.0,0.0,0.0,0.0,0.0,0.0,0.0,846 days 00:00:00,0.0,0.0,0.0,0.0,0.0,0.0,True,False,False,False,False,2
Antithymocyte globulin,0.0,14.0,0.0,0.0,0.0,0.0,0.0,0.0,0.0,1642 days 00:00:00,0.0,0.0,0.0,0.0,0.0,0.0,True,False,False,False,False,0
Firtecan pegol,0.0,160.0,0.0,0.0,0.0,0.0,0.0,0.0,0.0,943 days 00:00:00,0.0,0.0,0.0,0.0,0.0,0.0,True,False,False,False,False,1
CP 724714,0.0,25.0,20.0,0.0,0.0,0.0,0.0,0.0,0.0,153 days 00:00:00,851 days 00:00:00,0.0,0.0,0.0,0.0,0.0,True,False,False,False,False,1
Risedronic acid,0.0,0.0,0.0,0.0,0.0,234.0,0.0,0.0,0.0,0.0,0.0,0.0,0.0,1857 days 00:00:00,0.0,0.0,False,False,False,True,True,1
AEG 35156,0.0,0.0,0.0,61.0,0.0,0.0,0.0,0.0,0.0,0.0,0.0,547 days 00:00:00,0.0,0.0,0.0,0.0,False,False,False,False,False,1
Esterified estrogens,0.0,18.0,0.0,0.0,0.0,0.0,0.0,0.0,0.0,671 days 00:00:00,0.0,0.0,0.0,0.0,0.0,0.0,True,False,False,False,False,0
CYT 6091,0.0,0.0,0.0,0.0,108.0,0.0,0.0,0.0,0.0,0.0,0.0,0.0,974 days 00:00:00,0.0,0.0,0.0,False,False,False,False,False,0
Satraplatin,0.0,80.0,0.0,0.0,0.0,0.0,0.0,0.0,0.0,822 days 00:00:00,0.0,0.0,0.0,0.0,0.0,0.0,True,False,False,False,False,2
BZL 101,0.0,0.0,100.0,0.0,0.0,0.0,0.0,0.0,0.0,0.0,1006 days 00:00:00,0.0,0.0,0.0,0.0,0.0,False,False,False,False,False,1
L 651582,0.0,0.0,70.0,0.0,0.0,0.0,0.0,0.0,0.0,0.0,4291 days 00:00:00,0.0,0.0,0.0,0.0,0.0,False,False,False,False,False,0
Lanreotide,148.0,0.0,0.0,0.0,0.0,0.0,0.0,0.0,1505 days 00:00:00,0.0,0.0,0.0,0.0,0.0,0.0,0.0,False,True,True,False,False,1
Rexin-G,0.0,0.0,0.0,24.0,0.0,0.0,0.0,0.0,0.0,0.0,0.0,1431 days 00:00:00,0.0,0.0,0.0,0.0,False,False,False,False,False,1
PX 1041,0.0,60.0,0.0,0.0,0.0,0.0,0.0,0.0,0.0,730 days 00:00:00,0.0,0.0,0.0,0.0,0.0,0.0,True,False,False,False,False,1
Bortezomib,0.0,28.0,0.0,0.0,0.0,0.0,0.0,0.0,0.0,1325 days 00:00:00,0.0,0.0,0.0,0.0,0.0,0.0,True,False,False,False,False,0
CDX 1307,0.0,0.0,42.0,0.0,0.0,0.0,0.0,0.0,0.0,0.0,1856 days 12:00:00,0.0,0.0,0.0,0.0,0.0,False,False,False,False,False,2
Semaxanib,0.0,0.0,30.0,0.0,0.0,0.0,0.0,0.0,0.0,0.0,1278 days 00:00:00,0.0,0.0,0.0,0.0,0.0,False,False,False,False,False,0
Melanoma vaccine,0.0,0.0,9.0,0.0,0.0,0.0,0.0,0.0,0.0,0.0,1400 days 00:00:00,0.0,0.0,0.0,0.0,0.0,False,False,False,False,False,0
Canertinib,0.0,168.0,0.0,0.0,0.0,0.0,0.0,0.0,0.0,882 days 00:00:00,0.0,0.0,0.0,0.0,0.0,0.0,True,False,False,False,False,1
Diazepinomicin,0.0,0.0,0.0,30.0,0.0,0.0,0.0,0.0,0.0,0.0,0.0,546 days 00:00:00,0.0,0.0,0.0,0.0,False,False,False,False,False,1
Adecatumumab,0.0,,0.0,0.0,0.0,0.0,0.0,0.0,0.0,937 days 00:00:00,0.0,0.0,0.0,0.0,0.0,0.0,True,False,False,False,False,2
TM 601 I-131,0.0,0.0,60.0,0.0,0.0,0.0,0.0,0.0,0.0,0.0,731 days 00:00:00,0.0,0.0,0.0,0.0,0.0,False,False,False,False,False,1
Pemetrexed,0.0,33.0,0.0,0.0,0.0,0.0,0.0,0.0,0.0,974 days 00:00:00,0.0,0.0,0.0,0.0,0.0,0.0,True,False,False,False,False,1
Ortataxel,0.0,85.0,0.0,0.0,0.0,0.0,0.0,0.0,0.0,671 days 00:00:00,0.0,0.0,0.0,0.0,0.0,0.0,True,False,False,False,False,2
ABT 751,0.0,40.0,0.0,0.0,0.0,0.0,0.0,0.0,0.0,639 days 00:00:00,0.0,0.0,0.0,0.0,0.0,0.0,True,False,False,False,False,1
Mannan-MUC1-fusion-protein,,0.0,0.0,0.0,0.0,0.0,0.0,0.0,2013 days 00:00:00,0.0,0.0,0.0,0.0,0.0,0.0,0.0,False,True,True,False,False,0
 Paclitaxel,0.0,0.0,0.0,30.0,0.0,0.0,0.0,0.0,0.0,0.0,0.0,5650 days 00:00:00,0.0,0.0,0.0,0.0,False,False,False,False,False,0
