Primary Drugs,Phase II subject mean,Phase III subject mean,Phase I subject mean,Phase I/II subject mean,Phase 0 subject mean,Phase IV subject mean,Phase II/III subject mean,Clinical Phase Unknown subject mean,Phase II trial length,Phase III trial length,Phase I trial length,Phase I/II trial length,Phase 0 trial length,Phase IV trial length,Phase II/III trial length,Clinical Phase Unknown trial length,Phase I Pass,Phase II Pass,Phase I/II Pass,Phase III Pass,Phase II/III Pass,Completed,Discontinued,Not yet recruiting,Other,Planning,Number of Organizations
Fulvestrant,84.93333333333334,957.0,310.0,14.0,0.0,348.6363636363636,0.0,0.0,2367 days 10:30:00,2162 days 04:48:00,1263 days 12:00:00,488 days 00:00:00,0.0,900 days 08:00:00,0.0,0.0,True,True,True,True,True,27.0,6.0,1.0,7.0,0.0,1
Afatinib,73.625,790.0,28.0,0.0,0.0,0.0,0.0,0.0,1149 days 06:00:00,2936 days 00:00:00,419 days 14:24:00,0.0,0.0,0.0,0.0,0.0,True,True,True,False,False,11.0,2.0,0.0,1.0,0.0,1
Celecoxib,45.0,1452.5,87.5,0.0,10.0,0.0,0.0,0.0,815 days 12:00:00,3752 days 00:00:00,1706 days 00:00:00,0.0,396 days 00:00:00,0.0,0.0,0.0,True,True,True,False,False,6.0,0.0,0.0,1.0,0.0,1
Abiraterone acetate,300.0,0.0,16.0,74.0,0.0,10.0,0.0,0.0,2541 days 00:00:00,0.0,244 days 00:00:00,2803 days 00:00:00,0.0,183 days 00:00:00,0.0,0.0,True,False,False,True,True,3.0,0.0,0.0,1.0,0.0,3
AZD 4547,340.6666666666667,0.0,0.0,0.0,0.0,0.0,0.0,0.0,1834 days 08:00:00,0.0,0.0,0.0,0.0,0.0,0.0,0.0,True,False,False,False,False,2.0,0.0,0.0,1.0,0.0,1
Capivasertib,145.0,0.0,0.0,180.0,0.0,0.0,0.0,0.0,1404 days 12:00:00,0.0,0.0,942 days 00:00:00,0.0,0.0,0.0,0.0,True,False,False,False,False,1.0,0.0,0.0,2.0,0.0,1
Bevacizumab,69.44736842105263,1123.7857142857142,94.0,0.0,0.0,288.14285714285717,0.0,0.0,1947 days 07:25:42.857142,2335 days 10:17:08.571428,1141 days 19:12:00,0.0,0.0,1468 days 13:05:27.272727,0.0,0.0,True,True,True,True,True,51.0,10.0,0.0,11.0,0.0,3
Trastuzumab,174.8148148148148,949.3939393939394,233.41666666666666,135.0,0.0,1390.909090909091,0.0,0.0,2162 days 05:47:35.172413,1968 days 13:24:42.352941,276 days 10:30:00,2132 days 12:00:00,0.0,2053 days 07:42:51.428571,0.0,0.0,True,True,True,True,True,82.0,9.0,0.0,18.0,0.0,3
Enzastaurin,100.5,0.0,0.0,0.0,0.0,0.0,0.0,0.0,1544 days 08:00:00,0.0,0.0,0.0,0.0,0.0,0.0,0.0,True,False,False,False,False,3.0,0.0,0.0,0.0,0.0,2
Indoximod,154.0,0.0,24.0,37.0,,0.0,0.0,0.0,1557 days 00:00:00,0.0,146 days 00:00:00,2983 days 00:00:00,162 days 00:00:00,0.0,0.0,0.0,True,False,False,False,False,4.0,0.0,0.0,0.0,0.0,1
Carotuximab,0.0,0.0,0.0,30.0,0.0,0.0,0.0,0.0,0.0,0.0,0.0,1279 days 00:00:00,0.0,0.0,0.0,0.0,False,False,False,False,False,1.0,0.0,0.0,0.0,0.0,1
SPARC-1613,0.0,0.0,99.0,0.0,0.0,0.0,0.0,0.0,0.0,0.0,628 days 00:00:00,0.0,0.0,0.0,0.0,0.0,False,False,False,False,False,1.0,0.0,0.0,0.0,0.0,1
SAR 566658,62.0,0.0,150.0,0.0,0.0,0.0,0.0,0.0,517 days 00:00:00,0.0,2403 days 00:00:00,0.0,0.0,0.0,0.0,0.0,True,False,False,False,False,2.0,0.0,0.0,0.0,0.0,2
Hu5F9 G4,0.0,0.0,96.0,0.0,0.0,0.0,0.0,0.0,0.0,0.0,1583 days 00:00:00,0.0,0.0,0.0,0.0,0.0,False,False,False,False,False,1.0,0.0,0.0,0.0,0.0,1
Lapatinib,90.57142857142857,897.25,103.85714285714286,33.0,0.0,1329.4285714285713,0.0,0.0,1499 days 14:16:12.972972,3104 days 18:00:00,1286 days 12:48:00,1147 days 19:12:00,0.0,1500 days 00:00:00,0.0,0.0,True,True,True,True,True,55.0,13.0,0.0,7.0,0.0,2
Anastrozole,76.57142857142857,1933.4545454545455,40.0,0.0,100.0,1580.6875,0.0,,1667 days 06:51:25.714285,2662 days 00:00:00,61 days 00:00:00,0.0,2343 days 00:00:00,1546 days 14:07:03.529411,0.0,335 days 00:00:00,True,True,True,True,True,28.0,4.0,0.0,7.0,0.0,2
Capecitabine,124.5909090909091,953.3333333333334,36.0,0.0,0.0,250.33333333333334,0.0,0.0,1665 days 12:00:00,3038 days 09:36:00,963 days 16:00:00,0.0,0.0,879 days 03:00:00,0.0,0.0,True,True,True,True,True,25.0,8.0,1.0,9.0,0.0,3
Doxorubicin liposomal,74.64285714285714,430.8,25.5,51.0,0.0,97.0,0.0,,1338 days 14:07:03.529411,1710 days 20:00:00,1993 days 00:00:00,1222 days 00:00:00,0.0,1324 days 00:00:00,0.0,1825 days 00:00:00,True,True,True,True,True,18.0,6.0,0.0,7.0,0.0,3
Olaparib,102.0,0.0,64.83333333333333,270.0,0.0,0.0,0.0,0.0,791 days 00:00:00,0.0,1463 days 20:34:17.142857,3444 days 00:00:00,0.0,0.0,0.0,0.0,True,False,False,False,False,5.0,1.0,0.0,3.0,0.0,2
Gemcitabine,112.0,3947.0,0.0,0.0,0.0,267.0,0.0,0.0,2229 days 18:00:00,2841 days 00:00:00,0.0,0.0,0.0,1249 days 00:00:00,0.0,0.0,True,True,True,True,True,7.0,0.0,0.0,1.0,0.0,4
Docetaxel,145.0,1683.9166666666667,33.25,57.5,0.0,150.0,82.0,0.0,2662 days 06:32:43.636363,3168 days 06:24:00,2262 days 18:00:00,3080 days 12:00:00,0.0,417 days 00:00:00,853 days 00:00:00,0.0,True,True,True,True,True,25.0,5.0,0.0,4.0,0.0,4
Infigratinib,0.0,0.0,208.0,0.0,0.0,0.0,0.0,0.0,0.0,0.0,3223 days 00:00:00,0.0,0.0,0.0,0.0,0.0,False,False,False,False,False,1.0,0.0,0.0,0.0,0.0,2
Lurbinectedin,67.5,0.0,50.0,0.0,0.0,0.0,0.0,0.0,1337 days 00:00:00,0.0,1156 days 12:00:00,0.0,0.0,0.0,0.0,0.0,True,False,False,False,False,4.0,0.0,0.0,0.0,0.0,1
BAY 869596,0.0,0.0,,0.0,0.0,0.0,0.0,0.0,0.0,0.0,351 days 00:00:00,0.0,0.0,0.0,0.0,0.0,False,False,False,False,False,2.0,0.0,0.0,0.0,0.0,2
Paclitaxel,73.6896551724138,915.0,45.142857142857146,62.5,0.0,217.875,564.0,0.0,1135 days 15:12:00,2372 days 15:00:00,938 days 00:00:00,1410 days 08:00:00,0.0,1221 days 22:00:00,975 days 00:00:00,0.0,True,True,True,True,True,40.0,11.0,0.0,12.0,0.0,4
BAY 949392,0.0,0.0,,0.0,0.0,0.0,0.0,0.0,0.0,0.0,487 days 00:00:00,0.0,0.0,0.0,0.0,0.0,False,False,False,False,False,1.0,0.0,0.0,0.0,0.0,2
Exemestane,88.88888888888889,2639.5833333333335,90.0,0.0,0.0,620.4444444444445,120.0,0.0,2109 days 04:48:00,3087 days 22:00:00,61 days 00:00:00,0.0,0.0,1252 days 10:54:32.727272,2741 days 00:00:00,0.0,True,True,True,True,True,21.0,9.0,0.0,5.0,0.0,2
Talazoparib,120.0,0.0,51.666666666666664,0.0,0.0,0.0,0.0,0.0,1349 days 00:00:00,0.0,966 days 08:00:00,0.0,0.0,0.0,0.0,0.0,True,False,False,False,False,5.0,0.0,0.0,0.0,0.0,4
Letrozole,94.71428571428571,2415.4,112.0,0.0,0.0,906.5,0.0,180.0,2075 days 09:36:00,2670 days 06:00:00,1645 days 00:00:00,0.0,0.0,1961 days 16:48:00,0.0,365 days 00:00:00,True,True,True,True,True,23.0,5.0,0.0,11.0,0.0,3
SV-BR-1-GM breast cancer vaccine BriaCell Therapeutics,0.0,0.0,0.0,32.0,0.0,0.0,0.0,0.0,0.0,0.0,0.0,2124 days 00:00:00,0.0,0.0,0.0,0.0,False,False,False,False,False,1.0,1.0,0.0,0.0,0.0,2
Sorafenib,108.45454545454545,519.0,34.75,45.5,0.0,0.0,0.0,0.0,1490 days 10:00:00,2433 days 00:00:00,577 days 18:00:00,1734 days 00:00:00,0.0,0.0,0.0,0.0,True,True,True,False,False,13.0,3.0,0.0,3.0,0.0,3
Estetrol,30.0,0.0,6.0,0.0,0.0,0.0,0.0,0.0,1065 days 00:00:00,0.0,60 days 00:00:00,0.0,0.0,0.0,0.0,0.0,True,False,False,False,False,2.0,0.0,0.0,0.0,0.0,1
Pembrolizumab,0.0,0.0,15.0,100.5,34.0,0.0,0.0,0.0,0.0,0.0,792 days 00:00:00,1052 days 00:00:00,317 days 00:00:00,0.0,0.0,0.0,False,False,False,False,False,2.0,1.0,0.0,1.0,0.0,1
Nivolumab,0.0,0.0,0.0,32.0,0.0,0.0,0.0,0.0,0.0,0.0,0.0,526 days 00:00:00,0.0,0.0,0.0,0.0,False,False,False,False,False,0.0,0.0,0.0,1.0,0.0,1
Vismodegib,40.0,0.0,78.0,0.0,0.0,0.0,0.0,0.0,974 days 00:00:00,0.0,147 days 00:00:00,0.0,0.0,0.0,0.0,0.0,True,False,False,False,False,2.0,0.0,0.0,1.0,0.0,4
Eribulin,82.46153846153847,705.5,0.0,56.0,0.0,614.3,0.0,500.0,1149 days 18:27:41.538461,1677 days 00:00:00,0.0,1127 days 00:00:00,0.0,881 days 10:17:08.571428,0.0,1392 days 00:00:00,True,True,True,True,True,39.0,3.0,0.0,5.0,0.0,3
Enobosarm,29.0,0.0,0.0,0.0,0.0,0.0,0.0,0.0,860 days 00:00:00,0.0,0.0,0.0,0.0,0.0,0.0,0.0,True,False,False,False,False,2.0,1.0,0.0,0.0,0.0,1
Neratinib,686.25,0.0,27.428571428571427,147.5,0.0,0.0,0.0,0.0,3270 days 18:00:00,0.0,248 days 13:42:51.428571,3723 days 00:00:00,0.0,0.0,0.0,0.0,True,False,False,False,False,14.0,0.0,0.0,1.0,0.0,4
Nelipepimut-S,300.0,709.0,0.0,95.0,0.0,0.0,0.0,0.0,1956 days 00:00:00,1246 days 00:00:00,0.0,4129 days 00:00:00,0.0,0.0,0.0,0.0,True,True,True,False,False,2.0,2.0,0.0,0.0,0.0,4
Trastuzumab-conjugate,0.0,0.0,40.0,0.0,0.0,0.0,0.0,0.0,0.0,0.0,638 days 00:00:00,0.0,0.0,0.0,0.0,0.0,False,False,False,False,False,0.0,0.0,0.0,1.0,0.0,1
Irosustat,21.0,0.0,50.0,0.0,0.0,0.0,0.0,0.0,857 days 12:00:00,0.0,1249 days 00:00:00,0.0,0.0,0.0,0.0,0.0,True,False,False,False,False,2.0,2.0,0.0,0.0,0.0,1
INXN 2001,0.0,0.0,0.0,40.0,0.0,0.0,0.0,0.0,0.0,0.0,0.0,853 days 00:00:00,0.0,0.0,0.0,0.0,False,False,False,False,False,0.0,0.0,0.0,1.0,0.0,1
Trastuzumab emtansine,165.1,692.0,21.0,67.0,0.0,,0.0,0.0,948 days 21:36:00,1506 days 18:00:00,1058 days 13:42:51.428571,1111 days 00:00:00,0.0,1320 days 12:00:00,0.0,0.0,True,True,True,True,True,21.0,1.0,0.0,3.0,0.0,3
Cixutumumab,122.0,0.0,0.0,0.0,0.0,0.0,0.0,0.0,1980 days 00:00:00,0.0,0.0,0.0,0.0,0.0,0.0,0.0,True,False,False,False,False,1.0,0.0,0.0,1.0,0.0,2
Veliparib,0.0,0.0,80.55555555555556,0.0,0.0,0.0,0.0,0.0,0.0,0.0,1977 days 00:00:00,0.0,0.0,0.0,0.0,0.0,False,False,False,False,False,8.0,0.0,0.0,1.0,0.0,2
Buparlisib,129.5,615.0,28.0,97.0,20.0,0.0,524.0,0.0,886 days 04:00:00,1814 days 00:00:00,889 days 12:00:00,1888 days 00:00:00,488 days 00:00:00,0.0,1034 days 00:00:00,0.0,True,True,True,False,False,10.0,2.0,0.0,3.0,0.0,2
AMG 110,0.0,0.0,70.0,0.0,0.0,0.0,0.0,0.0,0.0,0.0,2467 days 00:00:00,0.0,0.0,0.0,0.0,0.0,False,False,False,False,False,1.0,0.0,0.0,0.0,0.0,2
Glembatumumab vedotin,210.0,0.0,0.0,40.0,0.0,0.0,0.0,0.0,1297 days 00:00:00,0.0,0.0,1095 days 00:00:00,0.0,0.0,0.0,0.0,True,False,False,False,False,2.0,1.0,0.0,0.0,0.0,2
Pazopanib,146.16666666666666,0.0,30.0,0.0,40.0,0.0,0.0,0.0,1852 days 12:00:00,0.0,1030 days 00:00:00,0.0,1704 days 00:00:00,0.0,0.0,0.0,True,False,False,False,False,5.0,3.0,0.0,1.0,0.0,2
INGN 225,0.0,0.0,0.0,50.0,0.0,0.0,0.0,0.0,0.0,0.0,0.0,5114 days 00:00:00,0.0,0.0,0.0,0.0,False,False,False,False,False,1.0,0.0,0.0,0.0,0.0,0
Pertuzumab,154.83333333333334,626.0,36.0,0.0,0.0,300.0,0.0,0.0,2037 days 16:00:00,3343 days 12:00:00,297 days 00:00:00,0.0,0.0,1095 days 00:00:00,0.0,0.0,True,True,True,True,True,7.0,1.0,0.0,2.0,0.0,3
Denosumab,100.2,849.6666666666666,102.0,0.0,0.0,,0.0,0.0,1266 days 14:24:00,1884 days 08:00:00,198 days 00:00:00,0.0,0.0,444 days 00:00:00,0.0,0.0,True,True,True,True,True,8.0,2.0,0.0,1.0,0.0,3
Everolimus,104.10526315789474,840.0,43.333333333333336,68.2,0.0,83.0,0.0,0.0,1577 days 22:44:12.631578,2275 days 12:00:00,547 days 08:00:00,1635 days 19:12:00,0.0,798 days 06:32:43.636363,0.0,0.0,True,True,True,True,True,24.0,8.0,1.0,9.0,0.0,2
Ixabepilone,101.66666666666667,670.0,43.666666666666664,51.0,0.0,0.0,0.0,0.0,987 days 08:00:00,2267 days 12:00:00,974 days 00:00:00,1033 days 00:00:00,0.0,0.0,0.0,0.0,True,True,True,False,False,16.0,4.0,0.0,1.0,0.0,2
Vorinostat,41.75,0.0,62.333333333333336,52.0,0.0,0.0,0.0,0.0,1370 days 15:00:00,0.0,1897 days 00:00:00,2132 days 16:00:00,0.0,0.0,0.0,0.0,True,False,False,False,False,5.0,6.0,0.0,3.0,0.0,1
GS 5829,0.0,0.0,150.0,0.0,0.0,0.0,0.0,0.0,0.0,0.0,554 days 00:00:00,0.0,0.0,0.0,0.0,0.0,False,False,False,False,False,0.0,1.0,0.0,0.0,0.0,1
Vandetanib,101.25,0.0,32.666666666666664,0.0,0.0,0.0,0.0,0.0,1398 days 12:00:00,0.0,304 days 00:00:00,0.0,0.0,0.0,0.0,0.0,True,False,False,False,False,5.0,2.0,0.0,1.0,0.0,1
NK 012,61.0,0.0,35.0,0.0,0.0,0.0,0.0,0.0,2191 days 00:00:00,0.0,974 days 00:00:00,0.0,0.0,0.0,0.0,0.0,True,False,False,False,False,2.0,0.0,0.0,0.0,0.0,1
Tipifarnib,78.0,0.0,0.0,55.0,0.0,0.0,0.0,0.0,1521 days 08:00:00,0.0,0.0,2405 days 00:00:00,0.0,0.0,0.0,0.0,True,False,False,False,False,5.0,0.0,0.0,0.0,0.0,1
Abemaciclib,154.33333333333334,0.0,36.875,0.0,0.0,0.0,0.0,0.0,1080 days 00:00:00,0.0,129 days 06:00:00,0.0,0.0,0.0,0.0,0.0,True,False,False,False,False,11.0,0.0,0.0,0.0,0.0,1
Pegfilgrastim,41.0,0.0,0.0,50.0,0.0,240.0,0.0,0.0,670 days 00:00:00,0.0,0.0,3987 days 00:00:00,0.0,387 days 00:00:00,0.0,0.0,True,False,False,True,True,3.0,0.0,0.0,0.0,0.0,1
ABT 767,0.0,0.0,75.0,0.0,0.0,0.0,0.0,0.0,0.0,0.0,2400 days 00:00:00,0.0,0.0,0.0,0.0,0.0,False,False,False,False,False,1.0,0.0,0.0,0.0,0.0,2
Durvalumab,174.0,0.0,0.0,160.0,25.0,0.0,0.0,0.0,638 days 00:00:00,0.0,0.0,884 days 00:00:00,944 days 00:00:00,0.0,0.0,0.0,True,False,False,False,False,2.0,0.0,0.0,1.0,0.0,2
Erdafitinib,0.0,0.0,260.0,0.0,0.0,0.0,0.0,0.0,0.0,0.0,1846 days 00:00:00,0.0,0.0,0.0,0.0,0.0,False,False,False,False,False,1.0,0.0,0.0,0.0,0.0,1
Tucatinib,0.0,0.0,70.5,0.0,0.0,0.0,0.0,0.0,0.0,0.0,632 days 16:00:00,0.0,0.0,0.0,0.0,0.0,False,False,False,False,False,3.0,0.0,0.0,0.0,0.0,2
TPIV 100,0.0,0.0,24.0,0.0,0.0,0.0,0.0,0.0,0.0,0.0,2191 days 00:00:00,0.0,0.0,0.0,0.0,0.0,False,False,False,False,False,1.0,0.0,0.0,0.0,0.0,2
BP-C1,,0.0,6.0,0.0,0.0,0.0,0.0,0.0,1094 days 00:00:00,0.0,1157 days 00:00:00,0.0,0.0,0.0,0.0,0.0,True,False,False,False,False,3.0,0.0,0.0,0.0,0.0,1
Palbociclib,102.5,,28.058823529411764,58.0,0.0,,0.0,0.0,1161 days 00:00:00,426 days 00:00:00,203 days 07:03:31.764705,2197 days 00:00:00,0.0,696 days 00:00:00,0.0,0.0,True,True,True,True,True,20.0,0.0,0.0,2.0,0.0,1
Dasatinib,90.0,0.0,57.0,73.33333333333333,0.0,0.0,0.0,0.0,1670 days 12:00:00,0.0,771 days 16:00:00,2434 days 08:00:00,0.0,0.0,0.0,0.0,True,False,False,False,False,11.0,2.0,0.0,1.0,0.0,2
Interleukin-12,92.0,0.0,44.0,41.0,0.0,0.0,0.0,0.0,793 days 00:00:00,0.0,6152 days 00:00:00,1765 days 00:00:00,0.0,0.0,0.0,0.0,True,False,False,False,False,1.0,2.0,0.0,0.0,0.0,0
Nirogacestat,32.5,0.0,60.0,0.0,0.0,0.0,0.0,0.0,812 days 00:00:00,0.0,760 days 00:00:00,0.0,0.0,0.0,0.0,0.0,True,False,False,False,False,0.0,2.0,0.0,1.0,0.0,1
Ganetespib,61.5,0.0,18.0,0.0,0.0,0.0,0.0,0.0,1015 days 12:00:00,0.0,1522 days 00:00:00,0.0,0.0,0.0,0.0,0.0,True,False,False,False,False,3.0,1.0,0.0,1.0,0.0,1
Erlotinib,66.75,0.0,47.5,57.0,0.0,0.0,0.0,0.0,2009 days 00:00:00,0.0,1734 days 12:00:00,1979 days 00:00:00,0.0,0.0,0.0,0.0,True,False,False,False,False,4.0,2.0,0.0,1.0,0.0,2
Vinorelbine,111.9,0.0,31.5,0.0,0.0,350.0,0.0,0.0,1146 days 19:38:10.909090,0.0,2592 days 00:00:00,0.0,0.0,1127 days 00:00:00,0.0,0.0,True,False,False,True,True,7.0,1.0,1.0,5.0,0.0,2
Gancotamab,0.0,0.0,75.0,0.0,0.0,0.0,0.0,0.0,0.0,0.0,2011 days 00:00:00,0.0,0.0,0.0,0.0,0.0,False,False,False,False,False,1.0,0.0,0.0,0.0,0.0,1
Eflapegrastim,0.0,0.0,25.0,0.0,0.0,0.0,0.0,0.0,0.0,0.0,372 days 00:00:00,0.0,0.0,0.0,0.0,0.0,False,False,False,False,False,1.0,0.0,0.0,0.0,0.0,1
Foxy 5,0.0,0.0,21.0,0.0,0.0,0.0,0.0,0.0,0.0,0.0,715 days 12:00:00,0.0,0.0,0.0,0.0,0.0,False,False,False,False,False,2.0,0.0,0.0,0.0,0.0,1
Selinexor,105.0,0.0,0.0,0.0,0.0,0.0,0.0,0.0,1176 days 00:00:00,0.0,0.0,0.0,0.0,0.0,0.0,0.0,True,False,False,False,False,1.0,0.0,0.0,0.0,0.0,2
PLX 51107,0.0,0.0,60.0,0.0,0.0,0.0,0.0,0.0,0.0,0.0,914 days 00:00:00,0.0,0.0,0.0,0.0,0.0,False,False,False,False,False,0.0,1.0,0.0,0.0,0.0,1
Imiquimod,0.0,0.0,0.0,55.0,0.0,0.0,0.0,0.0,0.0,0.0,0.0,1743 days 00:00:00,0.0,0.0,0.0,0.0,False,False,False,False,False,1.0,0.0,0.0,0.0,0.0,0
Fluciclovine 18F,45.0,0.0,20.0,0.0,,0.0,0.0,0.0,657 days 00:00:00,0.0,3999 days 00:00:00,0.0,883 days 00:00:00,0.0,0.0,0.0,True,False,False,False,False,3.0,0.0,0.0,0.0,0.0,1
MCLA 128,0.0,0.0,0.0,228.0,0.0,0.0,0.0,0.0,0.0,0.0,0.0,1418 days 00:00:00,0.0,0.0,0.0,0.0,False,False,False,False,False,0.0,0.0,0.0,1.0,0.0,1
SC-005,0.0,0.0,108.0,0.0,0.0,0.0,0.0,0.0,0.0,0.0,274 days 00:00:00,0.0,0.0,0.0,0.0,0.0,False,False,False,False,False,0.0,1.0,0.0,0.0,0.0,1
Azacitidine,61.0,0.0,0.0,0.0,0.0,150.0,0.0,0.0,887 days 00:00:00,0.0,0.0,0.0,0.0,2434 days 00:00:00,0.0,0.0,True,False,False,True,True,0.0,1.0,0.0,2.0,0.0,1
MK 2206,43.5,0.0,53.333333333333336,0.0,0.0,0.0,0.0,0.0,864 days 18:00:00,0.0,517 days 08:00:00,0.0,0.0,0.0,0.0,0.0,True,False,False,False,False,3.0,3.0,0.0,1.0,0.0,1
Atezolizumab,0.0,0.0,308.0,0.0,0.0,0.0,0.0,0.0,0.0,0.0,1587 days 00:00:00,0.0,0.0,0.0,0.0,0.0,False,False,False,False,False,1.0,0.0,0.0,1.0,0.0,2
Goserelin,214.0,585.0,0.0,0.0,0.0,105.0,0.0,0.0,1076 days 08:00:00,2586 days 00:00:00,0.0,0.0,0.0,1037 days 00:00:00,0.0,0.0,True,True,True,True,True,8.0,0.0,0.0,2.0,0.0,1
Capecitabine/cyclophosphamide,54.0,0.0,0.0,0.0,0.0,0.0,0.0,0.0,653 days 00:00:00,0.0,0.0,0.0,0.0,0.0,0.0,0.0,True,False,False,False,False,1.0,0.0,0.0,0.0,0.0,1
Ribociclib,120.0,0.0,43.0,0.0,0.0,0.0,0.0,0.0,335 days 00:00:00,0.0,868 days 12:00:00,0.0,0.0,0.0,0.0,0.0,True,False,False,False,False,3.0,1.0,0.0,1.0,0.0,2
Sonidegib,0.0,0.0,24.0,0.0,0.0,0.0,0.0,0.0,0.0,0.0,929 days 00:00:00,0.0,0.0,0.0,0.0,0.0,False,False,False,False,False,2.0,0.0,0.0,0.0,0.0,1
Alpelisib,34.0,0.0,61.0,0.0,0.0,0.0,0.0,0.0,1249 days 00:00:00,0.0,774 days 00:00:00,0.0,0.0,0.0,0.0,0.0,True,False,False,False,False,2.0,0.0,0.0,1.0,0.0,2
Anti-Cd7 CAR-NK cells,0.0,0.0,0.0,10.0,0.0,0.0,0.0,0.0,0.0,0.0,0.0,730 days 00:00:00,0.0,0.0,0.0,0.0,False,False,False,False,False,0.0,0.0,0.0,1.0,0.0,1
Mifepristone,10.0,0.0,36.0,40.0,0.0,0.0,0.0,0.0,2586 days 00:00:00,0.0,711 days 06:00:00,1430 days 00:00:00,0.0,0.0,0.0,0.0,True,False,False,False,False,4.0,1.0,0.0,1.0,0.0,1
Anti-MUC1 CAR-T cell therapy,0.0,0.0,10.0,20.0,0.0,0.0,0.0,0.0,0.0,0.0,364 days 00:00:00,1096 days 00:00:00,0.0,0.0,0.0,0.0,False,False,False,False,False,0.0,0.0,0.0,2.0,0.0,1
Tegafur/uracil,50.0,990.0,0.0,26.0,0.0,967.0,0.0,0.0,2527 days 00:00:00,4261 days 12:00:00,0.0,2588 days 00:00:00,0.0,729 days 00:00:00,0.0,0.0,True,True,True,True,True,3.0,1.0,0.0,1.0,0.0,1
Gimeracil/oteracil/tegafur,113.75,600.0,0.0,0.0,0.0,0.0,0.0,0.0,1748 days 00:00:00,2924 days 00:00:00,0.0,0.0,0.0,0.0,0.0,0.0,True,True,True,False,False,2.0,0.0,0.0,3.0,0.0,0
Ipatasertib,150.0,0.0,27.5,0.0,0.0,0.0,0.0,0.0,897 days 00:00:00,0.0,139 days 12:00:00,0.0,0.0,0.0,0.0,0.0,True,False,False,False,False,3.0,0.0,0.0,0.0,0.0,2
R 763,0.0,0.0,96.0,0.0,0.0,0.0,0.0,0.0,0.0,0.0,1341 days 00:00:00,0.0,0.0,0.0,0.0,0.0,False,False,False,False,False,1.0,0.0,0.0,0.0,0.0,3
Cetuximab,140.0,0.0,0.0,0.0,0.0,0.0,0.0,0.0,1908 days 12:00:00,0.0,0.0,0.0,0.0,0.0,0.0,0.0,True,False,False,False,False,2.0,0.0,0.0,0.0,0.0,2
ABBV 176,0.0,0.0,120.0,0.0,0.0,0.0,0.0,0.0,0.0,0.0,512 days 00:00:00,0.0,0.0,0.0,0.0,0.0,False,False,False,False,False,0.0,1.0,0.0,0.0,0.0,1
Monoclonal antibody 3S193,60.0,0.0,0.0,0.0,0.0,0.0,0.0,0.0,1826 days 00:00:00,0.0,0.0,0.0,0.0,0.0,0.0,0.0,True,False,False,False,False,0.0,0.0,0.0,1.0,0.0,1
Niraparib,0.0,306.0,150.0,0.0,0.0,0.0,0.0,0.0,0.0,1673 days 00:00:00,1737 days 00:00:00,0.0,0.0,0.0,0.0,0.0,False,True,True,False,False,1.0,0.0,0.0,1.0,0.0,2
Leuprorelin,0.0,164.0,0.0,0.0,0.0,1468.0,0.0,0.0,0.0,1005 days 00:00:00,0.0,0.0,0.0,1006 days 18:00:00,0.0,0.0,False,True,True,True,True,5.0,0.0,0.0,0.0,0.0,2
Bendamustine,40.0,0.0,0.0,0.0,0.0,0.0,0.0,0.0,1679 days 00:00:00,0.0,0.0,0.0,0.0,0.0,0.0,0.0,True,False,False,False,False,1.0,0.0,0.0,0.0,0.0,1
Birabresib,0.0,0.0,85.0,0.0,0.0,0.0,0.0,0.0,0.0,0.0,609 days 12:00:00,0.0,0.0,0.0,0.0,0.0,False,False,False,False,False,1.0,1.0,0.0,0.0,0.0,2
Gedatolisib,0.0,0.0,85.0,0.0,0.0,0.0,0.0,0.0,0.0,0.0,1004 days 00:00:00,0.0,0.0,0.0,0.0,0.0,False,False,False,False,False,1.0,0.0,0.0,0.0,0.0,2
T-lymphocyte cell therapy,43.0,0.0,0.0,0.0,0.0,0.0,0.0,0.0,1738 days 00:00:00,0.0,0.0,0.0,0.0,0.0,0.0,0.0,True,False,False,False,False,0.0,0.0,0.0,1.0,0.0,0
Gadobutrol,30.0,440.0,0.0,0.0,0.0,1710.0,0.0,0.0,365 days 00:00:00,654 days 12:00:00,0.0,0.0,0.0,742 days 16:00:00,0.0,0.0,True,True,True,True,True,4.0,0.0,1.0,1.0,0.0,1
Enzalutamide,0.0,0.0,49.0,0.0,0.0,0.0,0.0,0.0,0.0,0.0,592 days 00:00:00,0.0,0.0,0.0,0.0,0.0,False,False,False,False,False,4.0,0.0,0.0,0.0,0.0,3
ADCT 502,0.0,0.0,278.0,0.0,0.0,0.0,0.0,0.0,0.0,0.0,444 days 00:00:00,0.0,0.0,0.0,0.0,0.0,False,False,False,False,False,0.0,1.0,0.0,0.0,0.0,1
Doxorubicin,63.0,0.0,33.0,0.0,0.0,0.0,0.0,0.0,1011 days 00:00:00,0.0,518 days 00:00:00,0.0,0.0,0.0,0.0,0.0,True,False,False,False,False,2.0,0.0,0.0,1.0,0.0,1
Taladegib,0.0,0.0,101.0,0.0,0.0,0.0,0.0,0.0,0.0,0.0,2587 days 00:00:00,0.0,0.0,0.0,0.0,0.0,False,False,False,False,False,1.0,0.0,0.0,0.0,0.0,3
Lucitanib,162.0,0.0,46.0,0.0,0.0,0.0,0.0,0.0,1052 days 00:00:00,0.0,764 days 00:00:00,0.0,0.0,0.0,0.0,0.0,True,False,False,False,False,1.0,2.0,0.0,0.0,0.0,2
PKI 179,0.0,0.0,80.0,0.0,0.0,0.0,0.0,0.0,0.0,0.0,730 days 00:00:00,0.0,0.0,0.0,0.0,0.0,False,False,False,False,False,0.0,1.0,0.0,0.0,0.0,1
Zoledronic acid,164.1,834.3,43.0,0.0,0.0,204.33333333333334,60.0,0.0,2144 days 09:36:00,2117 days 00:00:00,709 days 08:00:00,0.0,0.0,1127 days 00:00:00,1157 days 00:00:00,0.0,True,True,True,True,True,22.0,6.0,0.0,4.0,0.0,3
CD40 ligand MUC1 loaded dendritic cell vaccine,0.0,0.0,24.0,0.0,0.0,0.0,0.0,0.0,0.0,0.0,1004 days 00:00:00,0.0,0.0,0.0,0.0,0.0,False,False,False,False,False,0.0,0.0,0.0,1.0,0.0,2
Benegrastim,200.0,0.0,0.0,,0.0,0.0,0.0,0.0,913 days 00:00:00,0.0,0.0,427 days 00:00:00,0.0,0.0,0.0,0.0,True,False,False,False,False,2.0,0.0,0.0,0.0,0.0,1
Samarium 153 lexidronam,40.0,352.0,0.0,0.0,0.0,0.0,0.0,0.0,2796 days 00:00:00,3884 days 00:00:00,0.0,0.0,0.0,0.0,0.0,0.0,True,True,True,False,False,2.0,0.0,0.0,0.0,0.0,1
Sapanisertib,0.0,0.0,0.0,128.0,0.0,0.0,0.0,0.0,0.0,0.0,0.0,1601 days 00:00:00,0.0,0.0,0.0,0.0,False,False,False,False,False,1.0,0.0,0.0,0.0,0.0,1
IAB 22M2C,0.0,0.0,24.0,0.0,0.0,0.0,0.0,0.0,0.0,0.0,423 days 00:00:00,0.0,0.0,0.0,0.0,0.0,False,False,False,False,False,1.0,0.0,0.0,0.0,0.0,1
Sapitinib,345.0,0.0,38.666666666666664,230.0,0.0,0.0,0.0,0.0,1166 days 00:00:00,0.0,425 days 16:00:00,2071 days 00:00:00,0.0,0.0,0.0,0.0,True,False,False,False,False,3.0,2.0,0.0,0.0,0.0,1
TPIV 200,0.0,0.0,24.0,0.0,0.0,0.0,0.0,0.0,0.0,0.0,2048 days 00:00:00,0.0,0.0,0.0,0.0,0.0,False,False,False,False,False,1.0,0.0,0.0,0.0,0.0,1
Varlitinib,200.0,0.0,51.0,0.0,0.0,0.0,0.0,0.0,605 days 00:00:00,0.0,634 days 00:00:00,0.0,0.0,0.0,0.0,0.0,True,False,False,False,False,3.0,0.0,0.0,0.0,0.0,1
LCL 161,200.0,0.0,81.0,0.0,0.0,0.0,0.0,0.0,761 days 00:00:00,0.0,1371 days 00:00:00,0.0,0.0,0.0,0.0,0.0,True,False,False,False,False,2.0,0.0,0.0,0.0,0.0,1
MEDI 4276,0.0,0.0,0.0,216.0,0.0,0.0,0.0,0.0,0.0,0.0,0.0,973 days 00:00:00,0.0,0.0,0.0,0.0,False,False,False,False,False,1.0,0.0,0.0,0.0,0.0,1
Etirinotecan pegol,70.0,840.0,0.0,0.0,0.0,0.0,0.0,0.0,1187 days 00:00:00,1590 days 00:00:00,0.0,0.0,0.0,0.0,0.0,0.0,True,True,True,False,False,2.0,0.0,0.0,0.0,0.0,6
Crenigacestat,0.0,0.0,282.0,0.0,0.0,0.0,0.0,0.0,0.0,0.0,2094 days 00:00:00,0.0,0.0,0.0,0.0,0.0,False,False,False,False,False,1.0,0.0,0.0,0.0,0.0,2
NUC 1031,0.0,0.0,95.0,0.0,0.0,0.0,0.0,0.0,0.0,0.0,973 days 00:00:00,0.0,0.0,0.0,0.0,0.0,False,False,False,False,False,1.0,0.0,0.0,0.0,0.0,2
BLEX 404,0.0,0.0,0.0,44.0,0.0,0.0,0.0,0.0,0.0,0.0,0.0,761 days 00:00:00,0.0,0.0,0.0,0.0,False,False,False,False,False,0.0,0.0,1.0,0.0,0.0,1
Adalimumab,0.0,0.0,30.0,0.0,0.0,0.0,0.0,0.0,0.0,0.0,793 days 00:00:00,0.0,0.0,0.0,0.0,0.0,False,False,False,False,False,0.0,0.0,0.0,1.0,0.0,1
Orantinib,49.5,0.0,0.0,0.0,0.0,0.0,0.0,0.0,2807 days 00:00:00,0.0,0.0,0.0,0.0,0.0,0.0,0.0,True,False,False,False,False,2.0,0.0,0.0,0.0,0.0,1
SAR 428926,0.0,0.0,110.0,0.0,0.0,0.0,0.0,0.0,0.0,0.0,970 days 00:00:00,0.0,0.0,0.0,0.0,0.0,False,False,False,False,False,1.0,0.0,0.0,0.0,0.0,1
Mitoxantrone liposomal,60.0,0.0,0.0,0.0,0.0,0.0,0.0,0.0,1188 days 00:00:00,0.0,0.0,0.0,0.0,0.0,0.0,0.0,True,False,False,False,False,0.0,0.0,0.0,1.0,0.0,1
Entinostat,112.66666666666667,0.0,37.2,0.0,0.0,0.0,0.0,0.0,1025 days 16:00:00,0.0,397 days 20:00:00,0.0,0.0,0.0,0.0,0.0,True,False,False,False,False,6.0,0.0,0.0,3.0,0.0,2
Dalotuzumab,0.0,0.0,50.0,0.0,0.0,0.0,0.0,0.0,0.0,0.0,505 days 00:00:00,0.0,0.0,0.0,0.0,0.0,False,False,False,False,False,1.0,0.0,0.0,0.0,0.0,1
Rogaratinib,0.0,0.0,8.0,0.0,0.0,0.0,0.0,0.0,0.0,0.0,125 days 00:00:00,0.0,0.0,0.0,0.0,0.0,False,False,False,False,False,1.0,0.0,0.0,0.0,0.0,1
IMM 101,0.0,0.0,0.0,300.0,0.0,0.0,0.0,0.0,0.0,0.0,0.0,98 days 00:00:00,0.0,0.0,0.0,0.0,False,False,False,False,False,0.0,1.0,0.0,0.0,0.0,1
RC 48,0.0,0.0,50.0,0.0,0.0,0.0,0.0,0.0,0.0,0.0,943 days 00:00:00,0.0,0.0,0.0,0.0,0.0,False,False,False,False,False,0.0,0.0,0.0,1.0,0.0,1
Rivoceranib,42.5,0.0,20.0,42.0,0.0,34.0,0.0,0.0,677 days 06:00:00,0.0,245 days 12:00:00,1125 days 00:00:00,0.0,607 days 00:00:00,0.0,0.0,True,False,False,True,True,6.0,0.0,0.0,3.0,0.0,2
Enoblituzumab,0.0,0.0,59.0,0.0,0.0,0.0,0.0,0.0,0.0,0.0,1255 days 00:00:00,0.0,0.0,0.0,0.0,0.0,False,False,False,False,False,0.0,0.0,0.0,1.0,0.0,1
Depoxythilone,315.0,390.0,0.0,0.0,0.0,0.0,0.0,0.0,1347 days 00:00:00,755 days 00:00:00,0.0,0.0,0.0,0.0,0.0,0.0,True,True,True,False,False,2.0,0.0,0.0,0.0,0.0,1
Pelareorep,76.0,0.0,0.0,0.0,0.0,0.0,0.0,0.0,2025 days 00:00:00,0.0,0.0,0.0,0.0,0.0,0.0,0.0,True,False,False,False,False,1.0,0.0,0.0,0.0,0.0,1
Tasisulam,40.0,0.0,0.0,0.0,0.0,0.0,0.0,0.0,577 days 00:00:00,0.0,0.0,0.0,0.0,0.0,0.0,0.0,True,False,False,False,False,1.0,0.0,0.0,0.0,0.0,1
Pyrotinib,0.0,0.0,39.0,128.0,0.0,0.0,0.0,0.0,0.0,0.0,1141 days 12:00:00,1310 days 00:00:00,0.0,0.0,0.0,0.0,False,False,False,False,False,2.0,0.0,0.0,1.0,0.0,1
DPX 0907,0.0,0.0,24.0,0.0,0.0,0.0,0.0,0.0,0.0,0.0,610 days 00:00:00,0.0,0.0,0.0,0.0,0.0,False,False,False,False,False,1.0,0.0,0.0,0.0,0.0,2
Mirvetuximab soravtansine,0.0,0.0,15.0,0.0,0.0,0.0,0.0,0.0,0.0,0.0,317 days 00:00:00,0.0,0.0,0.0,0.0,0.0,False,False,False,False,False,0.0,0.0,0.0,1.0,0.0,1
TPI 287,69.0,0.0,0.0,0.0,0.0,0.0,0.0,0.0,2068 days 00:00:00,0.0,0.0,0.0,0.0,0.0,0.0,0.0,True,False,False,False,False,1.0,0.0,0.0,0.0,0.0,1
Nintedanib,148.0,0.0,0.0,140.0,0.0,0.0,0.0,0.0,1196 days 00:00:00,0.0,0.0,913 days 00:00:00,0.0,0.0,0.0,0.0,True,False,False,False,False,1.0,1.0,0.0,1.0,0.0,1
SGMIB anti-HER2 monoclonal antibody I-131,0.0,0.0,10.0,0.0,0.0,0.0,0.0,0.0,0.0,0.0,473 days 00:00:00,0.0,0.0,0.0,0.0,0.0,False,False,False,False,False,1.0,0.0,0.0,0.0,0.0,1
Romidepsin,37.0,0.0,132.0,47.0,0.0,0.0,0.0,0.0,212 days 00:00:00,0.0,2209 days 00:00:00,982 days 00:00:00,0.0,0.0,0.0,0.0,True,False,False,False,False,1.0,1.0,0.0,1.0,0.0,1
Patritumab,0.0,0.0,36.0,29.0,0.0,0.0,0.0,0.0,0.0,0.0,2496 days 00:00:00,1184 days 00:00:00,0.0,0.0,0.0,0.0,False,False,False,False,False,1.0,1.0,0.0,0.0,0.0,1
Tesetaxel,40.0,0.0,0.0,0.0,0.0,0.0,0.0,0.0,792 days 00:00:00,0.0,0.0,0.0,0.0,0.0,0.0,0.0,True,False,False,False,False,1.0,0.0,0.0,0.0,0.0,2
SM 88,0.0,0.0,,0.0,0.0,0.0,0.0,0.0,0.0,0.0,335 days 00:00:00,0.0,0.0,0.0,0.0,0.0,False,False,False,False,False,1.0,0.0,0.0,0.0,0.0,1
Tamoxifen,0.0,10875.0,50.0,0.0,0.0,6000.0,0.0,0.0,0.0,3149 days 00:00:00,470 days 00:00:00,0.0,0.0,4258 days 12:00:00,0.0,0.0,False,True,True,True,True,3.0,1.0,0.0,1.0,0.0,0
Alisertib,172.0,0.0,30.0,273.0,0.0,0.0,0.0,0.0,2651 days 00:00:00,0.0,1079 days 00:00:00,1520 days 00:00:00,0.0,0.0,0.0,0.0,True,False,False,False,False,3.0,0.0,0.0,0.0,0.0,2
Sunitinib,60.714285714285715,725.0,25.0,59.666666666666664,0.0,0.0,0.0,0.0,1352 days 00:00:00,1534 days 06:00:00,1735 days 00:00:00,1776 days 08:00:00,0.0,0.0,0.0,0.0,True,True,True,False,False,12.0,2.0,0.0,1.0,0.0,2
Poziotinib,104.0,0.0,0.0,0.0,0.0,0.0,0.0,0.0,703 days 00:00:00,0.0,0.0,0.0,0.0,0.0,0.0,0.0,True,False,False,False,False,0.0,0.0,0.0,1.0,0.0,2
Tecemotide,400.0,1200.0,0.0,0.0,0.0,0.0,0.0,0.0,1954 days 00:00:00,334 days 00:00:00,0.0,0.0,0.0,0.0,0.0,0.0,True,True,True,False,False,1.0,1.0,0.0,0.0,0.0,4
Cabazitaxel,123.6,0.0,0.0,0.0,0.0,0.0,0.0,0.0,1391 days 00:00:00,0.0,0.0,0.0,0.0,0.0,0.0,0.0,True,False,False,False,False,2.0,1.0,0.0,2.0,0.0,1
AL 101,0.0,0.0,110.0,0.0,0.0,0.0,0.0,0.0,0.0,0.0,2303 days 00:00:00,0.0,0.0,0.0,0.0,0.0,False,False,False,False,False,1.0,0.0,0.0,0.0,0.0,2
Tomivosertib,24.0,0.0,0.0,0.0,0.0,0.0,0.0,0.0,172 days 00:00:00,0.0,0.0,0.0,0.0,0.0,0.0,0.0,True,False,False,False,False,0.0,1.0,0.0,0.0,0.0,1
Ilodecakin,0.0,0.0,18.0,0.0,0.0,0.0,0.0,0.0,0.0,0.0,88 days 12:00:00,0.0,0.0,0.0,0.0,0.0,False,False,False,False,False,2.0,0.0,0.0,0.0,0.0,1
Taselisib,330.0,0.0,94.0,0.0,0.0,0.0,0.0,0.0,852 days 00:00:00,0.0,931 days 00:00:00,0.0,0.0,0.0,0.0,0.0,True,False,False,False,False,4.0,0.0,0.0,0.0,0.0,2
Trodusquemine,0.0,0.0,21.0,0.0,0.0,0.0,0.0,0.0,0.0,0.0,773 days 00:00:00,0.0,0.0,0.0,0.0,0.0,False,False,False,False,False,0.0,1.0,0.0,0.0,0.0,1
Perflutren,20.0,0.0,0.0,0.0,0.0,135.0,0.0,0.0,305 days 00:00:00,0.0,0.0,0.0,0.0,621 days 00:00:00,0.0,0.0,True,False,False,True,True,2.0,0.0,0.0,0.0,0.0,1
852A,15.0,0.0,0.0,0.0,0.0,0.0,0.0,0.0,975 days 00:00:00,0.0,0.0,0.0,0.0,0.0,0.0,0.0,True,False,False,False,False,1.0,0.0,0.0,0.0,0.0,1
Pixantrone,56.0,0.0,0.0,0.0,0.0,0.0,0.0,0.0,1659 days 00:00:00,0.0,0.0,0.0,0.0,0.0,0.0,0.0,True,False,False,False,False,1.0,0.0,0.0,0.0,0.0,1
Ubidecarenone,0.0,0.0,18.0,0.0,0.0,0.0,0.0,0.0,0.0,0.0,2557 days 00:00:00,0.0,0.0,0.0,0.0,0.0,False,False,False,False,False,0.0,0.0,0.0,1.0,0.0,0
MK 0752,20.0,0.0,100.0,0.0,0.0,0.0,0.0,0.0,3652 days 00:00:00,0.0,2313 days 00:00:00,0.0,0.0,0.0,0.0,0.0,True,False,False,False,False,1.0,0.0,0.0,1.0,0.0,1
Defactinib,0.0,0.0,,0.0,0.0,0.0,0.0,0.0,0.0,0.0,31 days 00:00:00,0.0,0.0,0.0,0.0,0.0,False,False,False,False,False,1.0,0.0,0.0,0.0,0.0,1
IMP 4297,0.0,0.0,30.0,0.0,0.0,0.0,0.0,0.0,0.0,0.0,696 days 00:00:00,0.0,0.0,0.0,0.0,0.0,False,False,False,False,False,0.0,0.0,0.0,1.0,0.0,1
Anti-CD3-anti-HER2-activated T-cells,47.666666666666664,0.0,0.0,0.0,0.0,0.0,0.0,0.0,2516 days 16:00:00,0.0,0.0,0.0,0.0,0.0,0.0,0.0,True,False,False,False,False,0.0,0.0,0.0,3.0,0.0,0
BR-55,,0.0,0.0,0.0,0.0,0.0,0.0,0.0,615 days 00:00:00,0.0,0.0,0.0,0.0,0.0,0.0,0.0,True,False,False,False,False,1.0,0.0,0.0,0.0,0.0,1
BMS 986115,0.0,0.0,40.0,0.0,0.0,0.0,0.0,0.0,0.0,0.0,879 days 00:00:00,0.0,0.0,0.0,0.0,0.0,False,False,False,False,False,0.0,1.0,0.0,0.0,0.0,1
Verteporfin,40.0,0.0,0.0,0.0,0.0,0.0,0.0,0.0,1795 days 00:00:00,0.0,0.0,0.0,0.0,0.0,0.0,0.0,True,False,False,False,False,1.0,0.0,0.0,0.0,0.0,0
Ibrutinib,0.0,0.0,48.0,0.0,0.0,0.0,0.0,0.0,0.0,0.0,117 days 04:48:00,0.0,0.0,0.0,0.0,0.0,False,False,False,False,False,4.0,1.0,0.0,0.0,0.0,2
TDM 812,0.0,0.0,30.0,0.0,0.0,0.0,0.0,0.0,0.0,0.0,762 days 00:00:00,0.0,0.0,0.0,0.0,0.0,False,False,False,False,False,1.0,0.0,0.0,0.0,0.0,0
Dinaciclib,200.0,0.0,40.0,0.0,0.0,0.0,0.0,0.0,1065 days 00:00:00,0.0,385 days 00:00:00,0.0,0.0,0.0,0.0,0.0,True,False,False,False,False,2.0,0.0,0.0,0.0,0.0,2
AVX 901,0.0,0.0,12.0,0.0,0.0,0.0,0.0,0.0,0.0,0.0,1917 days 00:00:00,0.0,0.0,0.0,0.0,0.0,False,False,False,False,False,1.0,0.0,0.0,0.0,0.0,0
Uprosertib,0.0,0.0,70.0,0.0,0.0,0.0,0.0,0.0,0.0,0.0,1401 days 00:00:00,0.0,0.0,0.0,0.0,0.0,False,False,False,False,False,1.0,0.0,0.0,0.0,0.0,1
Losatuxizumab-vedotin,0.0,0.0,90.0,0.0,0.0,0.0,0.0,0.0,0.0,0.0,1161 days 00:00:00,0.0,0.0,0.0,0.0,0.0,False,False,False,False,False,0.0,1.0,0.0,0.0,0.0,1
Folate-fluorescein isothiocyanate conjugate,0.0,0.0,10.0,0.0,0.0,0.0,0.0,0.0,0.0,0.0,184 days 00:00:00,0.0,0.0,0.0,0.0,0.0,False,False,False,False,False,1.0,0.0,0.0,0.0,0.0,0
Propagermanium,0.0,0.0,18.0,0.0,0.0,0.0,0.0,0.0,0.0,0.0,553 days 00:00:00,0.0,0.0,0.0,0.0,0.0,False,False,False,False,False,1.0,0.0,0.0,0.0,0.0,0
Emactuzumab,0.0,0.0,220.0,0.0,0.0,0.0,0.0,0.0,0.0,0.0,2241 days 00:00:00,0.0,0.0,0.0,0.0,0.0,False,False,False,False,False,1.0,0.0,0.0,0.0,0.0,1
ADXS 31164,0.0,0.0,98.0,0.0,0.0,0.0,0.0,0.0,0.0,0.0,1160 days 00:00:00,0.0,0.0,0.0,0.0,0.0,False,False,False,False,False,0.0,0.0,0.0,1.0,0.0,1
BCD 115,0.0,0.0,36.0,0.0,0.0,0.0,0.0,0.0,0.0,0.0,485 days 00:00:00,0.0,0.0,0.0,0.0,0.0,False,False,False,False,False,1.0,0.0,0.0,0.0,0.0,1
Tesevatinib,0.0,0.0,0.0,80.0,0.0,0.0,0.0,0.0,0.0,0.0,0.0,557 days 00:00:00,0.0,0.0,0.0,0.0,False,False,False,False,False,0.0,1.0,0.0,0.0,0.0,1
Valproic acid,55.0,0.0,0.0,0.0,0.0,0.0,0.0,0.0,961 days 00:00:00,0.0,0.0,0.0,0.0,0.0,0.0,0.0,True,False,False,False,False,0.0,1.0,0.0,0.0,0.0,0
Docosahexaenoic acid,64.0,0.0,0.0,0.0,0.0,0.0,0.0,0.0,1035 days 00:00:00,0.0,0.0,0.0,0.0,0.0,0.0,0.0,True,False,False,False,False,0.0,0.0,0.0,1.0,0.0,0
212 Pb TCMC trastuzumab,0.0,0.0,36.0,0.0,0.0,0.0,0.0,0.0,0.0,0.0,1827 days 00:00:00,0.0,0.0,0.0,0.0,0.0,False,False,False,False,False,1.0,0.0,0.0,0.0,0.0,2
Ispinesib,55.0,0.0,0.0,100.0,0.0,0.0,0.0,0.0,786 days 00:00:00,0.0,0.0,731 days 00:00:00,0.0,0.0,0.0,0.0,True,False,False,False,False,2.0,0.0,0.0,0.0,0.0,2
Zoptarelin doxorubicin,74.0,0.0,0.0,0.0,0.0,0.0,0.0,0.0,754 days 00:00:00,0.0,0.0,0.0,0.0,0.0,0.0,0.0,True,False,False,False,False,0.0,1.0,0.0,0.0,0.0,1
GDC 0575,0.0,0.0,90.0,0.0,0.0,0.0,0.0,0.0,0.0,0.0,2120 days 00:00:00,0.0,0.0,0.0,0.0,0.0,False,False,False,False,False,1.0,0.0,0.0,0.0,0.0,2
PF 6664178,0.0,0.0,70.0,0.0,0.0,0.0,0.0,0.0,0.0,0.0,670 days 00:00:00,0.0,0.0,0.0,0.0,0.0,False,False,False,False,False,0.0,1.0,0.0,0.0,0.0,1
Ruxolitinib,94.5,0.0,0.0,0.0,0.0,0.0,0.0,0.0,1249 days 00:00:00,0.0,0.0,0.0,0.0,0.0,0.0,0.0,True,False,False,False,False,0.0,2.0,0.0,0.0,0.0,1
Lipegfilgrastim,0.0,0.0,0.0,0.0,0.0,40.0,0.0,0.0,0.0,0.0,0.0,0.0,0.0,1127 days 00:00:00,0.0,0.0,False,False,False,True,True,1.0,0.0,0.0,0.0,0.0,0
Dovitinib,127.66666666666667,0.0,0.0,36.0,0.0,0.0,0.0,0.0,1231 days 08:00:00,0.0,0.0,2070 days 00:00:00,0.0,0.0,0.0,0.0,True,False,False,False,False,1.0,2.0,0.0,1.0,0.0,2
IMC CS4,0.0,0.0,36.0,0.0,0.0,0.0,0.0,0.0,0.0,0.0,887 days 00:00:00,0.0,0.0,0.0,0.0,0.0,False,False,False,False,False,1.0,0.0,0.0,0.0,0.0,1
Odanacatib,45.0,0.0,0.0,0.0,0.0,0.0,0.0,0.0,384 days 00:00:00,0.0,0.0,0.0,0.0,0.0,0.0,0.0,True,False,False,False,False,1.0,0.0,0.0,0.0,0.0,1
Brachyury peptide vaccine,0.0,0.0,55.0,0.0,0.0,0.0,0.0,0.0,0.0,0.0,1701 days 00:00:00,0.0,0.0,0.0,0.0,0.0,False,False,False,False,False,1.0,0.0,0.0,0.0,0.0,1
Vantictumab,0.0,0.0,34.0,0.0,0.0,0.0,0.0,0.0,0.0,0.0,1552 days 00:00:00,0.0,0.0,0.0,0.0,0.0,False,False,False,False,False,0.0,0.0,0.0,1.0,0.0,2
Bicalutamide,51.0,0.0,0.0,0.0,0.0,0.0,0.0,0.0,699 days 12:00:00,0.0,0.0,0.0,0.0,0.0,0.0,0.0,True,False,False,False,False,0.0,1.0,0.0,1.0,0.0,0
Raloxifene,0.0,2000.0,0.0,0.0,0.0,0.0,0.0,0.0,0.0,2355 days 00:00:00,0.0,0.0,0.0,0.0,0.0,0.0,False,True,True,False,False,1.0,0.0,0.0,0.0,0.0,2
Poly ICLC,20.0,0.0,0.0,0.0,0.0,0.0,0.0,0.0,273 days 00:00:00,0.0,0.0,0.0,0.0,0.0,0.0,0.0,True,False,False,False,False,0.0,1.0,0.0,0.0,0.0,1
INCB 47986,0.0,0.0,100.0,0.0,0.0,0.0,0.0,0.0,0.0,0.0,334 days 00:00:00,0.0,0.0,0.0,0.0,0.0,False,False,False,False,False,0.0,1.0,0.0,0.0,0.0,1
Icotinib,67.0,0.0,0.0,0.0,0.0,0.0,0.0,0.0,1430 days 00:00:00,0.0,0.0,0.0,0.0,0.0,0.0,0.0,True,False,False,False,False,0.0,0.0,0.0,1.0,0.0,0
Lumretuzumab,0.0,0.0,40.0,0.0,0.0,0.0,0.0,0.0,0.0,0.0,1158 days 00:00:00,0.0,0.0,0.0,0.0,0.0,False,False,False,False,False,1.0,0.0,0.0,0.0,0.0,1
Acolbifene,44.0,0.0,0.0,0.0,0.0,0.0,0.0,0.0,668 days 00:00:00,0.0,0.0,0.0,0.0,0.0,0.0,0.0,True,False,False,False,False,1.0,0.0,0.0,0.0,0.0,0
CVA 21,0.0,0.0,9.0,0.0,0.0,0.0,0.0,0.0,0.0,0.0,1553 days 00:00:00,0.0,0.0,0.0,0.0,0.0,False,False,False,False,False,1.0,0.0,0.0,0.0,0.0,1
Oxaliplatin,51.0,0.0,0.0,0.0,25.0,0.0,0.0,0.0,365 days 00:00:00,0.0,0.0,0.0,214 days 00:00:00,0.0,0.0,0.0,True,False,False,False,False,1.0,1.0,0.0,0.0,0.0,1
Anakinra,0.0,0.0,20.0,0.0,0.0,0.0,0.0,0.0,0.0,0.0,1461 days 00:00:00,0.0,0.0,0.0,0.0,0.0,False,False,False,False,False,0.0,0.0,0.0,1.0,0.0,0
Pasireotide,0.0,0.0,,24.0,0.0,0.0,0.0,0.0,0.0,0.0,2192 days 00:00:00,1583 days 00:00:00,0.0,0.0,0.0,0.0,False,False,False,False,False,1.0,1.0,0.0,0.0,0.0,0
Propranolol,20.0,0.0,0.0,0.0,0.0,0.0,0.0,0.0,2252 days 00:00:00,0.0,0.0,0.0,0.0,0.0,0.0,0.0,True,False,False,False,False,0.0,0.0,0.0,1.0,0.0,0
Finasteride,0.0,0.0,0.0,0.0,0.0,428000.0,0.0,0.0,0.0,0.0,0.0,0.0,0.0,2405 days 00:00:00,0.0,0.0,False,False,False,True,True,1.0,0.0,0.0,0.0,0.0,1
CT-7001,0.0,0.0,0.0,36.0,0.0,0.0,0.0,0.0,0.0,0.0,0.0,382 days 00:00:00,0.0,0.0,0.0,0.0,False,False,False,False,False,0.0,0.0,0.0,1.0,0.0,1
ENMD 2076,80.0,0.0,0.0,0.0,0.0,0.0,0.0,0.0,1772 days 00:00:00,0.0,0.0,0.0,0.0,0.0,0.0,0.0,True,False,False,False,False,1.0,0.0,0.0,0.0,0.0,1
Toremifene,40.0,62.0,0.0,0.0,0.0,126.0,90.0,0.0,1461 days 00:00:00,761 days 00:00:00,0.0,0.0,0.0,1339 days 00:00:00,1064 days 00:00:00,0.0,True,True,True,True,True,3.0,0.0,0.0,2.0,0.0,0
Litronesib,60.0,0.0,12.0,0.0,0.0,0.0,0.0,0.0,762 days 00:00:00,0.0,670 days 00:00:00,0.0,0.0,0.0,0.0,0.0,True,False,False,False,False,2.0,0.0,0.0,0.0,0.0,1
Imatinib,80.0,0.0,0.0,0.0,0.0,0.0,0.0,0.0,2592 days 00:00:00,0.0,0.0,0.0,0.0,0.0,0.0,0.0,True,False,False,False,False,0.0,1.0,0.0,0.0,0.0,1
Navitoclax,0.0,0.0,50.0,0.0,0.0,0.0,0.0,0.0,0.0,0.0,791 days 00:00:00,0.0,0.0,0.0,0.0,0.0,False,False,False,False,False,1.0,0.0,0.0,0.0,0.0,2
Clodronic acid,0.0,3200.0,0.0,0.0,0.0,,0.0,0.0,0.0,4352 days 00:00:00,0.0,0.0,0.0,672 days 00:00:00,0.0,0.0,False,True,True,True,True,2.0,0.0,0.0,0.0,0.0,2
PM 060184,106.0,0.0,0.0,0.0,0.0,0.0,0.0,0.0,691 days 00:00:00,0.0,0.0,0.0,0.0,0.0,0.0,0.0,True,False,False,False,False,1.0,0.0,0.0,0.0,0.0,1
GSK 2636771,0.0,0.0,0.0,150.0,0.0,0.0,0.0,0.0,0.0,0.0,0.0,1568 days 00:00:00,0.0,0.0,0.0,0.0,False,False,False,False,False,1.0,0.0,0.0,0.0,0.0,1
Perflubutane,75.0,120.0,,0.0,0.0,0.0,0.0,0.0,350 days 00:00:00,565 days 00:00:00,31 days 00:00:00,0.0,0.0,0.0,0.0,0.0,True,True,True,False,False,3.0,0.0,0.0,0.0,0.0,1
INO 1400,0.0,0.0,54.0,0.0,0.0,0.0,0.0,0.0,0.0,0.0,1217 days 00:00:00,0.0,0.0,0.0,0.0,0.0,False,False,False,False,False,0.0,0.0,0.0,1.0,0.0,1
Autologous formalin-fixed tumour cell vaccine,0.0,0.0,0.0,20.0,0.0,0.0,0.0,0.0,0.0,0.0,0.0,4699 days 00:00:00,0.0,0.0,0.0,0.0,False,False,False,False,False,1.0,0.0,0.0,0.0,0.0,0
Ritonavir,0.0,0.0,52.0,0.0,0.0,0.0,0.0,0.0,0.0,0.0,1497 days 00:00:00,0.0,0.0,0.0,0.0,0.0,False,False,False,False,False,1.0,0.0,0.0,0.0,0.0,0
Reparixin,40.0,0.0,24.0,0.0,0.0,0.0,0.0,0.0,1124 days 00:00:00,0.0,1258 days 00:00:00,0.0,0.0,0.0,0.0,0.0,True,False,False,False,False,1.0,1.0,0.0,0.0,0.0,2
Indatuximab ravtansine,0.0,0.0,0.0,180.0,0.0,0.0,0.0,0.0,0.0,0.0,0.0,1228 days 00:00:00,0.0,0.0,0.0,0.0,False,False,False,False,False,1.0,0.0,0.0,0.0,0.0,1
Hemay 022,0.0,0.0,57.0,0.0,0.0,0.0,0.0,0.0,0.0,0.0,1144 days 00:00:00,0.0,0.0,0.0,0.0,0.0,False,False,False,False,False,0.0,0.0,0.0,1.0,0.0,1
Cabozantinib,667.5,0.0,33.0,0.0,0.0,0.0,0.0,0.0,1292 days 00:00:00,0.0,821 days 00:00:00,0.0,0.0,0.0,0.0,0.0,True,False,False,False,False,4.0,0.0,0.0,0.0,0.0,1
Upamostat,140.0,0.0,0.0,0.0,0.0,0.0,0.0,0.0,1395 days 00:00:00,0.0,0.0,0.0,0.0,0.0,0.0,0.0,True,False,False,False,False,1.0,0.0,0.0,0.0,0.0,2
Copanlisib,0.0,0.0,100.0,0.0,0.0,0.0,0.0,0.0,0.0,0.0,823 days 12:00:00,0.0,0.0,0.0,0.0,0.0,False,False,False,False,False,2.0,0.0,0.0,0.0,0.0,2
PF 6650808,0.0,0.0,55.0,0.0,0.0,0.0,0.0,0.0,0.0,0.0,1126 days 00:00:00,0.0,0.0,0.0,0.0,0.0,False,False,False,False,False,1.0,0.0,0.0,0.0,0.0,1
Vinflunine,0.0,744.0,0.0,0.0,0.0,0.0,0.0,0.0,0.0,1684 days 06:00:00,0.0,0.0,0.0,0.0,0.0,0.0,False,True,True,False,False,4.0,0.0,0.0,0.0,0.0,1
Monoclonal antibody F16 I 131,0.0,0.0,0.0,68.0,0.0,0.0,0.0,0.0,0.0,0.0,0.0,1673 days 00:00:00,0.0,0.0,0.0,0.0,False,False,False,False,False,1.0,0.0,0.0,0.0,0.0,1
F-18 fluorothymidine,39.666666666666664,0.0,0.0,0.0,0.0,0.0,0.0,0.0,1385 days 16:00:00,0.0,0.0,0.0,0.0,0.0,0.0,0.0,True,False,False,False,False,3.0,0.0,0.0,0.0,0.0,1
Orteronel,0.0,0.0,25.0,0.0,0.0,0.0,0.0,0.0,0.0,0.0,1499 days 00:00:00,0.0,0.0,0.0,0.0,0.0,False,False,False,False,False,1.0,0.0,0.0,0.0,0.0,1
Polyphenon E,25.0,0.0,40.0,0.0,0.0,0.0,0.0,0.0,3348 days 00:00:00,0.0,974 days 00:00:00,0.0,0.0,0.0,0.0,0.0,True,False,False,False,False,2.0,0.0,0.0,0.0,0.0,0
Calcifediol,0.0,0.0,24.0,0.0,0.0,0.0,0.0,0.0,0.0,0.0,1461 days 00:00:00,0.0,0.0,0.0,0.0,0.0,False,False,False,False,False,0.0,0.0,0.0,1.0,0.0,1
AVB 620,0.0,0.0,39.0,0.0,0.0,0.0,0.0,0.0,0.0,0.0,641 days 00:00:00,0.0,0.0,0.0,0.0,0.0,False,False,False,False,False,1.0,0.0,0.0,0.0,0.0,1
Tigatuzumab,60.0,0.0,0.0,0.0,0.0,0.0,0.0,0.0,2284 days 00:00:00,0.0,0.0,0.0,0.0,0.0,0.0,0.0,True,False,False,False,False,1.0,0.0,0.0,0.0,0.0,1
Elgemtumab,0.0,0.0,34.0,0.0,0.0,0.0,0.0,0.0,0.0,0.0,577 days 00:00:00,0.0,0.0,0.0,0.0,0.0,False,False,False,False,False,2.0,0.0,0.0,0.0,0.0,1
Pamiparib,0.0,0.0,0.0,85.0,0.0,0.0,0.0,0.0,0.0,0.0,0.0,1614 days 00:00:00,0.0,0.0,0.0,0.0,False,False,False,False,False,0.0,0.0,0.0,1.0,0.0,1
Brilanestrant,0.0,0.0,48.0,0.0,0.0,0.0,0.0,0.0,0.0,0.0,141 days 00:00:00,0.0,0.0,0.0,0.0,0.0,False,False,False,False,False,2.0,0.0,0.0,0.0,0.0,1
G 305,0.0,0.0,30.0,0.0,0.0,0.0,0.0,0.0,0.0,0.0,1216 days 00:00:00,0.0,0.0,0.0,0.0,0.0,False,False,False,False,False,1.0,0.0,0.0,0.0,0.0,1
Apatorsen,0.0,0.0,54.0,0.0,0.0,0.0,0.0,0.0,0.0,0.0,1554 days 00:00:00,0.0,0.0,0.0,0.0,0.0,False,False,False,False,False,1.0,0.0,0.0,0.0,0.0,1
HL-02,0.0,0.0,129.0,0.0,0.0,0.0,0.0,0.0,0.0,0.0,486 days 00:00:00,0.0,0.0,0.0,0.0,0.0,False,False,False,False,False,0.0,0.0,1.0,0.0,0.0,1
Ibandronic acid,38.0,1191.25,0.0,0.0,0.0,50.0,0.0,0.0,319 days 12:00:00,1719 days 06:00:00,0.0,0.0,0.0,761 days 00:00:00,0.0,0.0,True,True,True,True,True,7.0,0.0,0.0,1.0,0.0,3
Pexidartinib,0.0,0.0,,0.0,0.0,0.0,0.0,0.0,0.0,0.0,31 days 00:00:00,0.0,0.0,0.0,0.0,0.0,False,False,False,False,False,1.0,0.0,0.0,0.0,0.0,1
Albumin-granulocyte colony-stimulating factor fusion protein,0.0,0.0,,0.0,0.0,0.0,0.0,0.0,0.0,0.0,445 days 00:00:00,0.0,0.0,0.0,0.0,0.0,False,False,False,False,False,1.0,0.0,0.0,0.0,0.0,1
Exatecan,37.0,0.0,0.0,0.0,0.0,0.0,0.0,0.0,1035 days 00:00:00,0.0,0.0,0.0,0.0,0.0,0.0,0.0,True,False,False,False,False,1.0,0.0,0.0,0.0,0.0,1
PF 4691502,128.0,0.0,0.0,220.0,0.0,0.0,0.0,0.0,820 days 00:00:00,0.0,0.0,253 days 00:00:00,0.0,0.0,0.0,0.0,True,False,False,False,False,0.0,1.0,0.0,1.0,0.0,1
GSK 2302024A,250.0,0.0,0.0,0.0,0.0,0.0,0.0,0.0,1323 days 00:00:00,0.0,0.0,0.0,0.0,0.0,0.0,0.0,True,False,False,False,False,0.0,1.0,0.0,0.0,0.0,1
Dactolisib,120.0,0.0,0.0,208.5,0.0,0.0,0.0,0.0,1579 days 00:00:00,0.0,0.0,1535 days 00:00:00,0.0,0.0,0.0,0.0,True,False,False,False,False,2.0,0.0,0.0,1.0,0.0,1
Margetuximab,41.0,0.0,0.0,0.0,0.0,0.0,0.0,0.0,1505 days 00:00:00,0.0,0.0,0.0,0.0,0.0,0.0,0.0,True,False,False,False,False,1.0,0.0,0.0,0.0,0.0,1
FS 102,0.0,0.0,28.0,0.0,0.0,0.0,0.0,0.0,0.0,0.0,947 days 00:00:00,0.0,0.0,0.0,0.0,0.0,False,False,False,False,False,1.0,0.0,0.0,0.0,0.0,2
Anti HER2 small molecule imaging agent,0.0,0.0,8.0,,0.0,0.0,0.0,0.0,0.0,0.0,609 days 00:00:00,349 days 12:00:00,0.0,0.0,0.0,0.0,False,False,False,False,False,2.0,0.0,0.0,1.0,0.0,1
Bis-choline tetrathiomolybdate,111.0,0.0,0.0,0.0,0.0,0.0,0.0,0.0,114 days 00:00:00,0.0,0.0,0.0,0.0,0.0,0.0,0.0,True,False,False,False,False,0.0,1.0,0.0,0.0,0.0,0
Fentanyl,0.0,0.0,0.0,0.0,0.0,,0.0,0.0,0.0,0.0,0.0,0.0,0.0,275 days 00:00:00,0.0,0.0,False,False,False,True,True,1.0,0.0,0.0,0.0,0.0,1
Danusertib,232.0,0.0,0.0,0.0,0.0,0.0,0.0,0.0,2028 days 00:00:00,0.0,0.0,0.0,0.0,0.0,0.0,0.0,True,False,False,False,False,1.0,0.0,0.0,0.0,0.0,1
SU 014813,94.0,0.0,0.0,0.0,0.0,0.0,0.0,0.0,1310 days 00:00:00,0.0,0.0,0.0,0.0,0.0,0.0,0.0,True,False,False,False,False,1.0,0.0,0.0,0.0,0.0,1
PF 6647263,0.0,0.0,109.0,0.0,0.0,0.0,0.0,0.0,0.0,0.0,1126 days 00:00:00,0.0,0.0,0.0,0.0,0.0,False,False,False,False,False,1.0,0.0,0.0,0.0,0.0,1
Tozuleristide,0.0,0.0,30.0,0.0,0.0,0.0,0.0,0.0,0.0,0.0,550 days 00:00:00,0.0,0.0,0.0,0.0,0.0,False,False,False,False,False,1.0,0.0,0.0,0.0,0.0,1
Aprutumab ixadotin,0.0,0.0,150.0,0.0,0.0,0.0,0.0,0.0,0.0,0.0,491 days 00:00:00,0.0,0.0,0.0,0.0,0.0,False,False,False,False,False,0.0,1.0,0.0,0.0,0.0,1
Bavituximab,42.0,0.0,14.0,0.0,0.0,0.0,553.0,0.0,549 days 00:00:00,0.0,1642 days 00:00:00,0.0,0.0,0.0,913 days 00:00:00,0.0,True,False,False,False,False,1.0,1.0,0.0,1.0,0.0,1
Iniparib,120.0,521.0,0.0,0.0,0.0,0.0,0.0,0.0,1538 days 09:36:00,945 days 00:00:00,0.0,0.0,0.0,0.0,0.0,0.0,True,True,True,False,False,5.0,0.0,0.0,1.0,0.0,2
ARX 788,0.0,0.0,80.0,0.0,0.0,0.0,0.0,0.0,0.0,0.0,1005 days 00:00:00,0.0,0.0,0.0,0.0,0.0,False,False,False,False,False,0.0,0.0,0.0,1.0,0.0,2
Pictrelisib,180.0,0.0,40.5,120.0,0.0,0.0,0.0,0.0,1037 days 00:00:00,0.0,624 days 00:00:00,577 days 00:00:00,0.0,0.0,0.0,0.0,True,False,False,False,False,5.0,1.0,0.0,0.0,0.0,2
Tivozanib,188.5,0.0,32.666666666666664,84.0,0.0,0.0,0.0,0.0,1246 days 12:00:00,0.0,618 days 16:00:00,730 days 00:00:00,0.0,0.0,0.0,0.0,True,False,False,False,False,5.0,1.0,0.0,0.0,0.0,2
Robatumumab,0.0,0.0,0.0,260.0,0.0,0.0,0.0,0.0,0.0,0.0,0.0,620 days 00:00:00,0.0,0.0,0.0,0.0,False,False,False,False,False,0.0,1.0,0.0,0.0,0.0,2
Temozolomide,102.66666666666667,96.0,0.0,0.0,0.0,0.0,0.0,0.0,1848 days 12:00:00,731 days 00:00:00,0.0,0.0,0.0,0.0,0.0,0.0,True,True,True,False,False,3.0,1.0,0.0,1.0,0.0,2
Colecalciferol/raloxifene,0.0,0.0,46.0,0.0,0.0,0.0,0.0,0.0,0.0,0.0,85 days 00:00:00,0.0,0.0,0.0,0.0,0.0,False,False,False,False,False,1.0,0.0,0.0,0.0,0.0,1
Rosuvastatin,0.0,0.0,12.0,0.0,0.0,0.0,0.0,0.0,0.0,0.0,952 days 00:00:00,0.0,0.0,0.0,0.0,0.0,False,False,False,False,False,0.0,0.0,0.0,1.0,0.0,0
Nimotuzumab,90.0,0.0,0.0,0.0,0.0,0.0,0.0,0.0,1096 days 00:00:00,0.0,0.0,0.0,0.0,0.0,0.0,0.0,True,False,False,False,False,0.0,0.0,0.0,1.0,0.0,1
Tibolone,0.0,,0.0,0.0,0.0,0.0,0.0,0.0,0.0,852 days 00:00:00,0.0,0.0,0.0,0.0,0.0,0.0,False,True,True,False,False,1.0,0.0,0.0,0.0,0.0,3
Pirotinib,0.0,0.0,30.0,0.0,0.0,0.0,0.0,0.0,0.0,0.0,610 days 00:00:00,0.0,0.0,0.0,0.0,0.0,False,False,False,False,False,0.0,0.0,0.0,1.0,0.0,2
Cilengitide,0.0,0.0,32.0,0.0,0.0,0.0,0.0,0.0,0.0,0.0,1247 days 00:00:00,0.0,0.0,0.0,0.0,0.0,False,False,False,False,False,1.0,0.0,0.0,0.0,0.0,1
Ralimetinib,114.0,0.0,0.0,0.0,0.0,0.0,0.0,0.0,821 days 00:00:00,0.0,0.0,0.0,0.0,0.0,0.0,0.0,True,False,False,False,False,0.0,1.0,0.0,0.0,0.0,0
AGM-130,0.0,0.0,0.0,0.0,6.0,0.0,0.0,0.0,0.0,0.0,0.0,0.0,35 days 00:00:00,0.0,0.0,0.0,False,False,False,False,False,1.0,0.0,0.0,0.0,0.0,1
Naltrexone,35.0,0.0,0.0,0.0,0.0,0.0,0.0,0.0,2496 days 00:00:00,0.0,0.0,0.0,0.0,0.0,0.0,0.0,True,False,False,False,False,0.0,1.0,0.0,0.0,0.0,0
TKM PLK1,0.0,0.0,54.0,0.0,0.0,0.0,0.0,0.0,0.0,0.0,300 days 00:00:00,0.0,0.0,0.0,0.0,0.0,False,False,False,False,False,0.0,1.0,0.0,0.0,0.0,1
Paclitaxel trevatide,88.5,0.0,0.0,0.0,0.0,0.0,0.0,0.0,1095 days 12:00:00,0.0,0.0,0.0,0.0,0.0,0.0,0.0,True,False,False,False,False,1.0,0.0,0.0,1.0,0.0,2
Cancer vaccine HER-2 neu,0.0,0.0,18.0,29.0,0.0,0.0,0.0,0.0,0.0,0.0,1266 days 00:00:00,1334 days 12:00:00,0.0,0.0,0.0,0.0,False,False,False,False,False,3.0,0.0,0.0,0.0,0.0,1
Toripalimab,0.0,0.0,18.0,0.0,0.0,0.0,0.0,0.0,0.0,0.0,360 days 00:00:00,0.0,0.0,0.0,0.0,0.0,False,False,False,False,False,0.0,0.0,0.0,1.0,0.0,0
Luminespib,0.0,0.0,0.0,77.0,0.0,0.0,0.0,0.0,0.0,0.0,0.0,1068 days 00:00:00,0.0,0.0,0.0,0.0,False,False,False,False,False,2.0,0.0,0.0,1.0,0.0,1
Omega-3-acid ethyl esters,30.0,0.0,0.0,0.0,2080.0,0.0,0.0,0.0,897 days 00:00:00,0.0,0.0,0.0,1826 days 00:00:00,0.0,0.0,0.0,True,False,False,False,False,2.0,0.0,0.0,1.0,0.0,1
Serabelisib,0.0,0.0,124.0,0.0,0.0,0.0,0.0,0.0,0.0,0.0,1553 days 00:00:00,0.0,0.0,0.0,0.0,0.0,False,False,False,False,False,1.0,0.0,0.0,0.0,0.0,1
Vatalanib,0.0,0.0,24.0,7.0,0.0,0.0,0.0,0.0,0.0,0.0,1948 days 00:00:00,577 days 00:00:00,0.0,0.0,0.0,0.0,False,False,False,False,False,1.0,1.0,0.0,0.0,0.0,1
Paclitaxel poliglumex,43.5,0.0,18.0,0.0,0.0,0.0,0.0,0.0,897 days 12:00:00,0.0,2496 days 00:00:00,0.0,0.0,0.0,0.0,0.0,True,False,False,False,False,2.0,0.0,0.0,1.0,0.0,2
Gallium-68 NOTA AE105,50.0,0.0,10.0,0.0,0.0,0.0,0.0,0.0,395 days 00:00:00,0.0,92 days 00:00:00,0.0,0.0,0.0,0.0,0.0,True,False,False,False,False,2.0,0.0,0.0,0.0,0.0,1
DM CHOC PEN,90.0,0.0,18.0,0.0,0.0,0.0,0.0,0.0,1004 days 00:00:00,0.0,1157 days 00:00:00,0.0,0.0,0.0,0.0,0.0,True,False,False,False,False,2.0,0.0,0.0,0.0,0.0,1
Saracatinib,104.33333333333333,0.0,18.0,0.0,0.0,0.0,0.0,0.0,1570 days 16:00:00,0.0,120 days 00:00:00,0.0,0.0,0.0,0.0,0.0,True,False,False,False,False,4.0,0.0,0.0,0.0,0.0,1
Pilaralisib,0.0,0.0,74.0,84.0,0.0,0.0,0.0,0.0,0.0,0.0,1491 days 00:00:00,1034 days 00:00:00,0.0,0.0,0.0,0.0,False,False,False,False,False,2.0,0.0,0.0,0.0,0.0,4
Octreotide,0.0,850.0,0.0,0.0,0.0,0.0,0.0,0.0,0.0,4991 days 00:00:00,0.0,0.0,0.0,0.0,0.0,0.0,False,True,True,False,False,1.0,0.0,0.0,0.0,0.0,0
BMS 754807,100.0,0.0,0.0,0.0,0.0,0.0,0.0,0.0,1431 days 00:00:00,0.0,0.0,0.0,0.0,0.0,0.0,0.0,True,False,False,False,False,1.0,0.0,0.0,0.0,0.0,1
Paricalcitol,0.0,0.0,25.0,0.0,0.0,0.0,0.0,0.0,0.0,0.0,1826 days 00:00:00,0.0,0.0,0.0,0.0,0.0,False,False,False,False,False,1.0,0.0,0.0,0.0,0.0,2
Panobinostat,135.0,0.0,47.5,0.0,10.0,0.0,0.0,0.0,1321 days 12:00:00,0.0,1049 days 12:00:00,0.0,456 days 00:00:00,0.0,0.0,0.0,True,False,False,False,False,3.0,1.0,0.0,1.0,0.0,1
Trametinib,0.0,0.0,15.0,0.0,0.0,0.0,0.0,0.0,0.0,0.0,1552 days 00:00:00,0.0,0.0,0.0,0.0,0.0,False,False,False,False,False,1.0,0.0,0.0,0.0,0.0,1
Filgrastim,,350.0,,0.0,0.0,0.0,0.0,0.0,1689 days 12:00:00,731 days 00:00:00,4902 days 00:00:00,0.0,0.0,0.0,0.0,0.0,True,True,True,False,False,3.0,1.0,0.0,0.0,0.0,1
XOMA-213,0.0,0.0,43.5,0.0,0.0,0.0,0.0,0.0,0.0,0.0,761 days 00:00:00,0.0,0.0,0.0,0.0,0.0,False,False,False,False,False,2.0,0.0,0.0,0.0,0.0,2
Aprepitant,0.0,0.0,20.0,0.0,0.0,0.0,0.0,0.0,0.0,0.0,1887 days 00:00:00,0.0,0.0,0.0,0.0,0.0,False,False,False,False,False,1.0,0.0,0.0,0.0,0.0,1
Sulfur hexafluoride,0.0,0.0,50.0,0.0,0.0,0.0,0.0,0.0,0.0,0.0,365 days 00:00:00,0.0,0.0,0.0,0.0,0.0,False,False,False,False,False,0.0,0.0,1.0,0.0,0.0,0
BZL 101,80.0,0.0,100.0,0.0,0.0,0.0,0.0,0.0,1277 days 00:00:00,0.0,1006 days 00:00:00,0.0,0.0,0.0,0.0,0.0,True,False,False,False,False,1.0,0.0,1.0,0.0,0.0,1
Atorvastatin,100.0,0.0,66.0,0.0,0.0,0.0,0.0,0.0,2160 days 00:00:00,0.0,1675 days 00:00:00,0.0,0.0,0.0,0.0,0.0,True,False,False,False,False,1.0,1.0,0.0,0.0,0.0,0
Silmitasertib,0.0,0.0,55.0,0.0,0.0,0.0,0.0,0.0,0.0,0.0,1033 days 00:00:00,0.0,0.0,0.0,0.0,0.0,False,False,False,False,False,0.0,0.0,0.0,1.0,0.0,1
Gefitinib,80.5,14.0,0.0,0.0,0.0,0.0,0.0,,1134 days 12:00:00,3772 days 00:00:00,0.0,0.0,0.0,0.0,0.0,610 days 00:00:00,True,True,True,False,False,8.0,1.0,1.0,0.0,0.0,1
OFA cancer vaccine-Quantum Immunologics,0.0,0.0,0.0,25.0,0.0,0.0,0.0,0.0,0.0,0.0,0.0,2467 days 00:00:00,0.0,0.0,0.0,0.0,False,False,False,False,False,0.0,0.0,0.0,1.0,0.0,1
F16 IL2 fusion protein,0.0,0.0,0.0,67.5,0.0,0.0,0.0,0.0,0.0,0.0,0.0,2267 days 12:00:00,0.0,0.0,0.0,0.0,False,False,False,False,False,0.0,1.0,0.0,1.0,0.0,1
Eniluracil,153.0,0.0,0.0,0.0,0.0,0.0,0.0,0.0,615 days 00:00:00,0.0,0.0,0.0,0.0,0.0,0.0,0.0,True,False,False,False,False,0.0,0.0,0.0,1.0,0.0,1
Icaritin,0.0,0.0,30.0,0.0,0.0,0.0,0.0,0.0,0.0,0.0,517 days 00:00:00,0.0,0.0,0.0,0.0,0.0,False,False,False,False,False,1.0,0.0,0.0,1.0,0.0,1
KX 01,0.0,0.0,0.0,60.0,0.0,0.0,0.0,0.0,0.0,0.0,0.0,1247 days 00:00:00,0.0,0.0,0.0,0.0,False,False,False,False,False,0.0,0.0,0.0,1.0,0.0,2
SNX 5422,0.0,0.0,0.0,35.0,0.0,0.0,0.0,0.0,0.0,0.0,0.0,791 days 00:00:00,0.0,0.0,0.0,0.0,False,False,False,False,False,0.0,1.0,0.0,0.0,0.0,1
Patupilone,51.5,0.0,0.0,0.0,0.0,0.0,0.0,0.0,1308 days 00:00:00,0.0,0.0,0.0,0.0,0.0,0.0,0.0,True,False,False,False,False,2.0,0.0,0.0,0.0,0.0,1
Selumetinib,30.0,0.0,0.0,0.0,0.0,0.0,0.0,0.0,1155 days 00:00:00,0.0,0.0,0.0,0.0,0.0,0.0,0.0,True,False,False,False,False,1.0,0.0,0.0,0.0,0.0,0
Ramucirumab,140.0,0.0,0.0,0.0,0.0,0.0,0.0,0.0,943 days 00:00:00,0.0,0.0,0.0,0.0,0.0,0.0,0.0,True,False,False,False,False,1.0,0.0,0.0,0.0,0.0,1
Imetelstat,156.0,0.0,26.5,0.0,0.0,0.0,0.0,0.0,761 days 00:00:00,0.0,1536 days 12:00:00,0.0,0.0,0.0,0.0,0.0,True,False,False,False,False,2.0,1.0,0.0,0.0,0.0,1
Onartuzumab,186.0,0.0,0.0,0.0,0.0,0.0,0.0,0.0,1827 days 00:00:00,0.0,0.0,0.0,0.0,0.0,0.0,0.0,True,False,False,False,False,1.0,0.0,0.0,0.0,0.0,2
CLR 1404 I-124,0.0,0.0,0.0,108.0,0.0,0.0,0.0,0.0,0.0,0.0,0.0,1400 days 00:00:00,0.0,0.0,0.0,0.0,False,False,False,False,False,0.0,1.0,0.0,0.0,0.0,1
Fluorine-18 ML 10,,0.0,0.0,0.0,0.0,0.0,0.0,0.0,577 days 00:00:00,0.0,0.0,0.0,0.0,0.0,0.0,0.0,True,False,False,False,False,0.0,1.0,0.0,0.0,0.0,1
HER2/Neu GP2 peptide vaccine NuGenerex Immuno-Oncology,0.0,0.0,70.0,0.0,0.0,0.0,0.0,0.0,0.0,0.0,3288 days 00:00:00,0.0,0.0,0.0,0.0,0.0,False,False,False,False,False,1.0,0.0,0.0,0.0,0.0,0
BAY 1125976,0.0,0.0,100.0,0.0,0.0,0.0,0.0,0.0,0.0,0.0,1187 days 00:00:00,0.0,0.0,0.0,0.0,0.0,False,False,False,False,False,1.0,0.0,0.0,0.0,0.0,1
Rucaparib,102.5,0.0,0.0,0.0,0.0,0.0,0.0,0.0,1581 days 00:00:00,0.0,0.0,0.0,0.0,0.0,0.0,0.0,True,False,False,False,False,1.0,0.0,0.0,1.0,0.0,1
MRX 34,0.0,0.0,200.0,0.0,0.0,0.0,0.0,0.0,0.0,0.0,1430 days 00:00:00,0.0,0.0,0.0,0.0,0.0,False,False,False,False,False,0.0,1.0,0.0,0.0,0.0,1
Axitinib,0.0,0.0,43.0,0.0,0.0,0.0,0.0,0.0,0.0,0.0,41 days 00:00:00,0.0,0.0,0.0,0.0,0.0,False,False,False,False,False,4.0,0.0,0.0,0.0,0.0,1
Fibromun,0.0,0.0,28.0,0.0,0.0,0.0,0.0,0.0,0.0,0.0,1977 days 00:00:00,0.0,0.0,0.0,0.0,0.0,False,False,False,False,False,0.0,0.0,0.0,1.0,0.0,1
Seribantumab,165.0,0.0,34.5,0.0,0.0,0.0,0.0,0.0,1294 days 00:00:00,0.0,1171 days 12:00:00,0.0,0.0,0.0,0.0,0.0,True,False,False,False,False,4.0,0.0,0.0,0.0,0.0,2
AZD 9496,0.0,0.0,14.0,0.0,0.0,0.0,0.0,0.0,0.0,0.0,92 days 00:00:00,0.0,0.0,0.0,0.0,0.0,False,False,False,False,False,1.0,0.0,0.0,0.0,0.0,1
Arzoxifene,117.0,9100.0,0.0,0.0,0.0,70.0,0.0,0.0,1156 days 12:00:00,1979 days 00:00:00,0.0,0.0,0.0,2281 days 00:00:00,0.0,0.0,True,True,True,True,True,4.0,0.0,0.0,0.0,0.0,2
Ganitumab,156.0,0.0,0.0,0.0,0.0,0.0,0.0,0.0,1248 days 00:00:00,0.0,0.0,0.0,0.0,0.0,0.0,0.0,True,False,False,False,False,1.0,0.0,0.0,0.0,0.0,1
Empegfilgrastim,60.0,0.0,0.0,0.0,0.0,0.0,0.0,0.0,276 days 00:00:00,0.0,0.0,0.0,0.0,0.0,0.0,0.0,True,False,False,False,False,1.0,0.0,0.0,0.0,0.0,1
Motesanib,273.0,0.0,54.0,74.0,0.0,0.0,0.0,0.0,2107 days 00:00:00,0.0,1690 days 12:00:00,1735 days 00:00:00,0.0,0.0,0.0,0.0,True,False,False,False,False,2.0,1.0,0.0,1.0,0.0,1
LOR 2040,39.0,0.0,0.0,0.0,0.0,0.0,0.0,0.0,2343 days 00:00:00,0.0,0.0,0.0,0.0,0.0,0.0,0.0,True,False,False,False,False,1.0,0.0,0.0,0.0,0.0,0
MORAb 066,0.0,0.0,40.0,0.0,0.0,0.0,0.0,0.0,0.0,0.0,1126 days 00:00:00,0.0,0.0,0.0,0.0,0.0,False,False,False,False,False,1.0,0.0,0.0,0.0,0.0,2
OPB 111001,0.0,0.0,0.0,80.0,0.0,0.0,0.0,0.0,0.0,0.0,0.0,396 days 00:00:00,0.0,0.0,0.0,0.0,False,False,False,False,False,0.0,1.0,0.0,0.0,0.0,1
Apitolisib,0.0,0.0,32.75,0.0,0.0,0.0,0.0,0.0,0.0,0.0,586 days 00:00:00,0.0,0.0,0.0,0.0,0.0,False,False,False,False,False,4.0,0.0,0.0,0.0,0.0,2
Influenza virus vaccine,0.0,0.0,0.0,0.0,0.0,80.0,0.0,0.0,0.0,0.0,0.0,0.0,0.0,184 days 00:00:00,0.0,0.0,False,False,False,True,True,0.0,0.0,0.0,1.0,0.0,0
NRC AN 019,270.0,0.0,72.0,0.0,0.0,0.0,0.0,0.0,1095 days 00:00:00,0.0,365 days 00:00:00,0.0,0.0,0.0,0.0,0.0,True,False,False,False,False,0.0,0.0,0.0,2.0,0.0,1
VRP 1620,0.0,0.0,0.0,45.0,0.0,0.0,0.0,0.0,0.0,0.0,0.0,365 days 00:00:00,0.0,0.0,0.0,0.0,False,False,False,False,False,1.0,0.0,0.0,0.0,0.0,1
Ipilimumab,33.0,0.0,18.0,0.0,0.0,0.0,0.0,0.0,1007 days 00:00:00,0.0,1096 days 00:00:00,0.0,0.0,0.0,0.0,0.0,True,False,False,False,False,2.0,0.0,0.0,0.0,0.0,2
Figitumumab,260.0,0.0,19.0,0.0,0.0,0.0,0.0,0.0,2683 days 00:00:00,0.0,1553 days 00:00:00,0.0,0.0,0.0,0.0,0.0,True,False,False,False,False,0.0,1.0,0.0,1.0,0.0,1
Panagen,80.0,0.0,0.0,0.0,0.0,0.0,0.0,0.0,731 days 00:00:00,0.0,0.0,0.0,0.0,0.0,0.0,0.0,True,False,False,False,False,1.0,0.0,0.0,0.0,0.0,1
Dacomitinib,29.0,0.0,0.0,0.0,0.0,0.0,0.0,0.0,730 days 00:00:00,0.0,0.0,0.0,0.0,0.0,0.0,0.0,True,False,False,False,False,0.0,1.0,0.0,0.0,0.0,1
Cediranib,40.333333333333336,0.0,0.0,0.0,0.0,0.0,0.0,0.0,1235 days 08:00:00,0.0,0.0,0.0,0.0,0.0,0.0,0.0,True,False,False,False,False,3.0,0.0,0.0,0.0,0.0,1
Savolitinib,0.0,0.0,50.0,0.0,0.0,0.0,0.0,0.0,0.0,0.0,1530 days 00:00:00,0.0,0.0,0.0,0.0,0.0,False,False,False,False,False,1.0,0.0,0.0,0.0,0.0,2
CEP 9722,0.0,0.0,0.0,70.0,0.0,0.0,0.0,0.0,0.0,0.0,0.0,884 days 00:00:00,0.0,0.0,0.0,0.0,False,False,False,False,False,0.0,1.0,0.0,0.0,0.0,2
Valspodar,70.0,0.0,0.0,0.0,0.0,0.0,0.0,0.0,3440 days 00:00:00,0.0,0.0,0.0,0.0,0.0,0.0,0.0,True,False,False,False,False,1.0,0.0,0.0,0.0,0.0,0
RG 4733,25.0,0.0,40.0,86.0,0.0,0.0,0.0,0.0,1887 days 00:00:00,0.0,792 days 00:00:00,654 days 12:00:00,0.0,0.0,0.0,0.0,True,False,False,False,False,1.0,3.0,0.0,0.0,0.0,0
Pralatrexate,78.0,0.0,0.0,0.0,0.0,0.0,0.0,0.0,1095 days 00:00:00,0.0,0.0,0.0,0.0,0.0,0.0,0.0,True,False,False,False,False,1.0,0.0,0.0,0.0,0.0,2
Galunisertib,0.0,0.0,40.0,0.0,0.0,0.0,0.0,0.0,0.0,0.0,61 days 00:00:00,0.0,0.0,0.0,0.0,0.0,False,False,False,False,False,1.0,0.0,0.0,0.0,0.0,1
PTC 299,0.0,0.0,,0.0,0.0,0.0,0.0,0.0,0.0,0.0,49 days 00:00:00,0.0,0.0,0.0,0.0,0.0,False,False,False,False,False,1.0,0.0,0.0,0.0,0.0,1
Rasdegafusp-alfa,0.0,0.0,0.0,70.0,0.0,0.0,0.0,0.0,0.0,0.0,0.0,1614 days 00:00:00,0.0,0.0,0.0,0.0,False,False,False,False,False,1.0,0.0,0.0,0.0,0.0,1
ONT 10,0.0,0.0,78.0,0.0,0.0,0.0,0.0,0.0,0.0,0.0,914 days 00:00:00,0.0,0.0,0.0,0.0,0.0,False,False,False,False,False,1.0,0.0,0.0,0.0,0.0,1
EMI-137,40.0,0.0,0.0,0.0,0.0,0.0,0.0,0.0,274 days 00:00:00,0.0,0.0,0.0,0.0,0.0,0.0,0.0,True,False,False,False,False,0.0,0.0,0.0,1.0,0.0,1
GSK 2634673F,0.0,0.0,12.0,0.0,0.0,0.0,0.0,0.0,0.0,0.0,273 days 00:00:00,0.0,0.0,0.0,0.0,0.0,False,False,False,False,False,0.0,0.0,0.0,1.0,0.0,0
Tc 99m tilmanocept,0.0,174.5,0.0,0.0,0.0,52.0,0.0,0.0,0.0,380 days 00:00:00,0.0,0.0,0.0,337 days 00:00:00,0.0,0.0,False,True,True,True,True,3.0,0.0,0.0,0.0,0.0,1
Temsirolimus,0.0,0.0,20.0,0.0,0.0,0.0,0.0,0.0,0.0,0.0,1430 days 00:00:00,0.0,0.0,0.0,0.0,0.0,False,False,False,False,False,1.0,0.0,0.0,0.0,0.0,1
Tucidinostat,0.0,0.0,30.0,0.0,0.0,0.0,0.0,0.0,0.0,0.0,275 days 00:00:00,0.0,0.0,0.0,0.0,0.0,False,False,False,False,False,0.0,0.0,0.0,1.0,0.0,1
Cyclophosphamide,80.0,0.0,0.0,0.0,0.0,0.0,0.0,0.0,3259 days 00:00:00,0.0,0.0,0.0,0.0,0.0,0.0,0.0,True,False,False,False,False,1.0,0.0,0.0,0.0,0.0,1
Teprotumumab,0.0,0.0,285.0,0.0,0.0,0.0,0.0,0.0,0.0,0.0,1000 days 12:00:00,0.0,0.0,0.0,0.0,0.0,False,False,False,False,False,1.0,1.0,0.0,0.0,0.0,1
MM-151,0.0,0.0,115.0,0.0,0.0,0.0,0.0,0.0,0.0,0.0,1451 days 00:00:00,0.0,0.0,0.0,0.0,0.0,False,False,False,False,False,1.0,0.0,0.0,0.0,0.0,2
Endostatin,60.0,0.0,0.0,0.0,0.0,160.0,0.0,0.0,700 days 00:00:00,0.0,0.0,0.0,0.0,366 days 00:00:00,0.0,0.0,True,False,False,True,True,2.0,0.0,0.0,0.0,0.0,0
Larotaxel,175.66666666666666,0.0,0.0,30.0,0.0,0.0,0.0,0.0,1126 days 00:00:00,0.0,0.0,943 days 00:00:00,0.0,0.0,0.0,0.0,True,False,False,False,False,4.0,0.0,0.0,0.0,0.0,2
Foretinib,44.0,0.0,0.0,0.0,0.0,0.0,0.0,0.0,1713 days 00:00:00,0.0,0.0,0.0,0.0,0.0,0.0,0.0,True,False,False,False,False,1.0,0.0,0.0,0.0,0.0,0
Paclitide,144.0,0.0,0.0,0.0,0.0,0.0,0.0,0.0,760 days 00:00:00,0.0,0.0,0.0,0.0,0.0,0.0,0.0,True,False,False,False,False,0.0,0.0,0.0,1.0,0.0,0
P-toluenesulfonamide,,0.0,0.0,0.0,0.0,0.0,0.0,0.0,415 days 00:00:00,0.0,0.0,0.0,0.0,0.0,0.0,0.0,True,False,False,False,False,1.0,0.0,0.0,0.0,0.0,1
Pegargiminase,0.0,0.0,36.0,0.0,0.0,0.0,0.0,0.0,0.0,0.0,731 days 00:00:00,0.0,0.0,0.0,0.0,0.0,False,False,False,False,False,1.0,0.0,0.0,0.0,0.0,1
AT 406,0.0,0.0,31.0,0.0,0.0,0.0,0.0,0.0,0.0,0.0,1065 days 00:00:00,0.0,0.0,0.0,0.0,0.0,False,False,False,False,False,0.0,1.0,0.0,0.0,0.0,1
Custirsen,42.0,0.0,30.0,0.0,0.0,0.0,0.0,0.0,1162 days 00:00:00,0.0,2462 days 00:00:00,0.0,0.0,0.0,0.0,0.0,True,False,False,False,False,2.0,0.0,0.0,0.0,0.0,0
Tivantinib,26.0,0.0,0.0,0.0,0.0,0.0,0.0,0.0,824 days 00:00:00,0.0,0.0,0.0,0.0,0.0,0.0,0.0,True,False,False,False,False,0.0,1.0,0.0,0.0,0.0,0
Breast cancer vaccine,0.0,0.0,15.0,3.0,0.0,0.0,0.0,0.0,0.0,0.0,1887 days 00:00:00,1126 days 00:00:00,0.0,0.0,0.0,0.0,False,False,False,False,False,1.0,1.0,0.0,0.0,0.0,1
Lonafarnib,124.0,0.0,36.0,0.0,0.0,0.0,0.0,0.0,1065 days 08:00:00,0.0,1553 days 00:00:00,0.0,0.0,0.0,0.0,0.0,True,False,False,False,False,2.0,2.0,0.0,0.0,0.0,2
Darbepoetin alfa,0.0,720.0,0.0,0.0,0.0,0.0,0.0,0.0,0.0,2572 days 12:00:00,0.0,0.0,0.0,0.0,0.0,0.0,False,True,True,False,False,2.0,0.0,0.0,0.0,0.0,3
Landogrozumab,0.0,0.0,32.0,0.0,0.0,0.0,0.0,0.0,0.0,0.0,2922 days 00:00:00,0.0,0.0,0.0,0.0,0.0,False,False,False,False,False,1.0,0.0,0.0,0.0,0.0,1
Agatolimod,45.0,0.0,0.0,0.0,0.0,0.0,0.0,0.0,1885 days 00:00:00,0.0,0.0,0.0,0.0,0.0,0.0,0.0,True,False,False,False,False,0.0,1.0,0.0,0.0,0.0,1
Adagloxad simolenin,0.0,0.0,30.0,0.0,0.0,0.0,0.0,0.0,0.0,0.0,2894 days 00:00:00,0.0,0.0,0.0,0.0,0.0,False,False,False,False,False,1.0,0.0,0.0,0.0,0.0,0
ONC 201,0.0,0.0,0.0,80.0,0.0,0.0,0.0,0.0,0.0,0.0,0.0,334 days 00:00:00,0.0,0.0,0.0,0.0,False,False,False,False,False,0.0,0.0,0.0,1.0,0.0,1
Abexinostat,0.0,0.0,40.0,0.0,0.0,0.0,0.0,0.0,0.0,0.0,881 days 00:00:00,0.0,0.0,0.0,0.0,0.0,False,False,False,False,False,1.0,0.0,0.0,0.0,0.0,1
MM 111,0.0,0.0,73.5,0.0,0.0,0.0,0.0,0.0,0.0,0.0,1111 days 00:00:00,0.0,0.0,0.0,0.0,0.0,False,False,False,False,False,2.0,0.0,0.0,0.0,0.0,1
Ridaforolimus,66.0,0.0,59.666666666666664,0.0,0.0,0.0,0.0,0.0,1005 days 00:00:00,0.0,871 days 00:00:00,0.0,0.0,0.0,0.0,0.0,True,False,False,False,False,4.0,0.0,0.0,0.0,0.0,2
Sagopilone,62.0,0.0,0.0,0.0,0.0,0.0,0.0,0.0,1249 days 08:00:00,0.0,0.0,0.0,0.0,0.0,0.0,0.0,True,False,False,False,False,2.0,1.0,0.0,0.0,0.0,3
Modafinil,0.0,,0.0,0.0,0.0,0.0,0.0,0.0,0.0,638 days 00:00:00,0.0,0.0,0.0,0.0,0.0,0.0,False,True,True,False,False,1.0,0.0,0.0,0.0,0.0,1
Eftilagimod alpha,0.0,0.0,0.0,24.0,0.0,0.0,0.0,0.0,0.0,0.0,0.0,1280 days 00:00:00,0.0,0.0,0.0,0.0,False,False,False,False,False,1.0,0.0,0.0,0.0,0.0,1
OM-MUC 1,0.0,0.0,0.0,,0.0,0.0,0.0,0.0,0.0,0.0,0.0,487 days 00:00:00,0.0,0.0,0.0,0.0,False,False,False,False,False,3.0,0.0,0.0,0.0,0.0,1
Pirarubicin,0.0,0.0,0.0,0.0,0.0,,0.0,0.0,0.0,0.0,0.0,0.0,0.0,1065 days 00:00:00,0.0,0.0,False,False,False,True,True,1.0,0.0,0.0,0.0,0.0,0
Alvespimycin,25.0,0.0,30.0,0.0,0.0,0.0,0.0,0.0,61 days 00:00:00,0.0,1279 days 00:00:00,0.0,0.0,0.0,0.0,0.0,True,False,False,False,False,1.0,1.0,0.0,0.0,0.0,2
Trebananib,220.0,0.0,58.0,0.0,0.0,0.0,0.0,0.0,2496 days 00:00:00,0.0,2405 days 00:00:00,0.0,0.0,0.0,0.0,0.0,True,False,False,False,False,2.0,0.0,0.0,0.0,0.0,1
CUDC 101,0.0,0.0,35.0,0.0,0.0,0.0,0.0,0.0,0.0,0.0,457 days 00:00:00,0.0,0.0,0.0,0.0,0.0,False,False,False,False,False,1.0,1.0,0.0,0.0,0.0,1
P 276,0.0,0.0,0.0,140.0,0.0,0.0,0.0,0.0,0.0,0.0,0.0,943 days 00:00:00,0.0,0.0,0.0,0.0,False,False,False,False,False,0.0,1.0,0.0,0.0,0.0,1
Lasofoxifene,0.0,8556.0,0.0,0.0,0.0,0.0,0.0,0.0,0.0,2221 days 00:00:00,0.0,0.0,0.0,0.0,0.0,0.0,False,True,True,False,False,1.0,0.0,0.0,0.0,0.0,2
BMS 753493,0.0,0.0,0.0,93.0,0.0,0.0,0.0,0.0,0.0,0.0,0.0,805 days 12:00:00,0.0,0.0,0.0,0.0,False,False,False,False,False,0.0,2.0,0.0,0.0,0.0,1
CNF 2024,80.0,0.0,0.0,0.0,0.0,0.0,0.0,0.0,699 days 00:00:00,0.0,0.0,0.0,0.0,0.0,0.0,0.0,True,False,False,False,False,1.0,0.0,0.0,0.0,0.0,1
CC 90002,0.0,0.0,99.0,0.0,0.0,0.0,0.0,0.0,0.0,0.0,1339 days 00:00:00,0.0,0.0,0.0,0.0,0.0,False,False,False,False,False,0.0,0.0,0.0,1.0,0.0,0
Desmopressin,20.0,0.0,0.0,0.0,0.0,0.0,0.0,0.0,1338 days 00:00:00,0.0,0.0,0.0,0.0,0.0,0.0,0.0,True,False,False,False,False,1.0,0.0,0.0,0.0,0.0,1
MDX 1105,0.0,0.0,290.0,0.0,0.0,0.0,0.0,0.0,0.0,0.0,2341 days 00:00:00,0.0,0.0,0.0,0.0,0.0,False,False,False,False,False,1.0,0.0,0.0,0.0,0.0,2
Onapristone,0.0,0.0,12.0,0.0,0.0,0.0,0.0,0.0,0.0,0.0,132 days 00:00:00,0.0,0.0,0.0,0.0,0.0,False,False,False,False,False,1.0,0.0,0.0,0.0,0.0,1
Metformin,40.0,0.0,0.0,0.0,0.0,0.0,0.0,0.0,1035 days 00:00:00,0.0,0.0,0.0,0.0,0.0,0.0,0.0,True,False,False,False,False,1.0,0.0,0.0,0.0,0.0,0
Atamestane,0.0,842.0,0.0,0.0,0.0,0.0,0.0,0.0,0.0,1310 days 00:00:00,0.0,0.0,0.0,0.0,0.0,0.0,False,True,True,False,False,1.0,0.0,0.0,0.0,0.0,1
Perifosine,18.0,0.0,0.0,0.0,0.0,0.0,0.0,0.0,1400 days 00:00:00,0.0,0.0,0.0,0.0,0.0,0.0,0.0,True,False,False,False,False,1.0,0.0,0.0,0.0,0.0,0
Afimoxifene,112.0,0.0,0.0,0.0,0.0,0.0,0.0,0.0,1687 days 00:00:00,0.0,0.0,0.0,0.0,0.0,0.0,0.0,True,False,False,False,False,1.0,0.0,0.0,0.0,0.0,0
Elacestrant,0.0,0.0,,0.0,0.0,0.0,0.0,0.0,0.0,0.0,409 days 00:00:00,0.0,0.0,0.0,0.0,0.0,False,False,False,False,False,1.0,0.0,0.0,0.0,0.0,1
Irinotecan,87.66666666666667,0.0,0.0,0.0,0.0,0.0,0.0,0.0,2109 days 16:00:00,0.0,0.0,0.0,0.0,0.0,0.0,0.0,True,False,False,False,False,2.0,1.0,0.0,0.0,0.0,1
SR 16234,180.0,0.0,0.0,0.0,0.0,0.0,0.0,0.0,1583 days 00:00:00,0.0,0.0,0.0,0.0,0.0,0.0,0.0,True,False,False,False,False,1.0,0.0,0.0,0.0,0.0,2
Tremelimumab,0.0,0.0,12.0,0.0,0.0,0.0,0.0,0.0,0.0,0.0,884 days 00:00:00,0.0,0.0,0.0,0.0,0.0,False,False,False,False,False,0.0,1.0,0.0,0.0,0.0,0
Imexon,0.0,0.0,60.0,0.0,0.0,0.0,0.0,0.0,0.0,0.0,1028 days 00:00:00,0.0,0.0,0.0,0.0,0.0,False,False,False,False,False,1.0,0.0,0.0,0.0,0.0,1
Interleukin-7,24.0,0.0,0.0,0.0,0.0,0.0,0.0,0.0,1117 days 00:00:00,0.0,0.0,0.0,0.0,0.0,0.0,0.0,True,False,False,False,False,1.0,0.0,0.0,0.0,0.0,1
Alemtuzumab,70.0,0.0,0.0,0.0,0.0,0.0,0.0,0.0,3561 days 00:00:00,0.0,0.0,0.0,0.0,0.0,0.0,0.0,True,False,False,False,False,1.0,0.0,0.0,0.0,0.0,0
Ertumaxomab,40.0,0.0,0.0,0.0,0.0,0.0,0.0,0.0,834 days 00:00:00,0.0,0.0,0.0,0.0,0.0,0.0,0.0,True,False,False,False,False,0.0,3.0,0.0,0.0,0.0,1
Technetium Tc99m etarfolatide,40.0,0.0,0.0,0.0,0.0,0.0,0.0,0.0,731 days 00:00:00,0.0,0.0,0.0,0.0,0.0,0.0,0.0,True,False,False,False,False,1.0,0.0,0.0,0.0,0.0,1
Cancer vaccine Theratope,,950.0,0.0,0.0,0.0,0.0,0.0,0.0,1096 days 00:00:00,2906 days 12:00:00,0.0,0.0,0.0,0.0,0.0,0.0,True,True,True,False,False,3.0,0.0,0.0,0.0,0.0,1
CLR 1404 I-131,0.0,0.0,24.0,0.0,0.0,0.0,0.0,0.0,0.0,0.0,715 days 00:00:00,0.0,0.0,0.0,0.0,0.0,False,False,False,False,False,1.0,0.0,0.0,0.0,0.0,1
BGT 226,0.0,0.0,0.0,130.0,0.0,0.0,0.0,0.0,0.0,0.0,0.0,821 days 00:00:00,0.0,0.0,0.0,0.0,False,False,False,False,False,1.0,0.0,0.0,0.0,0.0,1
VM 206,0.0,0.0,9.0,0.0,0.0,0.0,0.0,0.0,0.0,0.0,945 days 00:00:00,0.0,0.0,0.0,0.0,0.0,False,False,False,False,False,1.0,0.0,0.0,0.0,0.0,1
Amrubicin,0.0,0.0,0.0,60.0,0.0,0.0,0.0,0.0,0.0,0.0,0.0,1765 days 00:00:00,0.0,0.0,0.0,0.0,False,False,False,False,False,1.0,0.0,0.0,0.0,0.0,1
Vintafolide,102.0,0.0,0.0,0.0,0.0,0.0,0.0,0.0,93 days 00:00:00,0.0,0.0,0.0,0.0,0.0,0.0,0.0,True,False,False,False,False,0.0,0.0,0.0,1.0,0.0,2
Berubicin,41.0,0.0,0.0,0.0,0.0,0.0,0.0,0.0,458 days 00:00:00,0.0,0.0,0.0,0.0,0.0,0.0,0.0,True,False,False,False,False,0.0,1.0,0.0,0.0,0.0,1
Curcumin,0.0,0.0,30.0,0.0,0.0,0.0,0.0,0.0,0.0,0.0,366 days 00:00:00,0.0,0.0,0.0,0.0,0.0,False,False,False,False,False,1.0,0.0,0.0,0.0,0.0,3
Rose bengal sodium,0.0,0.0,15.0,0.0,0.0,0.0,0.0,0.0,0.0,0.0,1096 days 00:00:00,0.0,0.0,0.0,0.0,0.0,False,False,False,False,False,1.0,0.0,0.0,0.0,0.0,1
Linifanib,102.0,0.0,0.0,0.0,0.0,0.0,0.0,0.0,518 days 00:00:00,0.0,0.0,0.0,0.0,0.0,0.0,0.0,True,False,False,False,False,1.0,0.0,0.0,0.0,0.0,3
Zibotentan,0.0,0.0,32.0,0.0,0.0,0.0,0.0,0.0,0.0,0.0,318 days 00:00:00,0.0,0.0,0.0,0.0,0.0,False,False,False,False,False,1.0,0.0,0.0,0.0,0.0,1
Lonaprisan,72.0,0.0,0.0,0.0,0.0,0.0,0.0,0.0,1095 days 00:00:00,0.0,0.0,0.0,0.0,0.0,0.0,0.0,True,False,False,False,False,1.0,0.0,0.0,0.0,0.0,1
Trabectedin,145.33333333333334,0.0,0.0,0.0,0.0,0.0,0.0,0.0,1240 days 06:00:00,0.0,0.0,0.0,0.0,0.0,0.0,0.0,True,False,False,False,False,2.0,0.0,0.0,2.0,0.0,2
Radium 223 chloride,20.0,0.0,0.0,0.0,0.0,0.0,0.0,0.0,730 days 00:00:00,0.0,0.0,0.0,0.0,0.0,0.0,0.0,True,False,False,False,False,1.0,0.0,0.0,0.0,0.0,2
Telapristone,0.0,0.0,12.0,0.0,0.0,0.0,0.0,0.0,0.0,0.0,61 days 12:00:00,0.0,0.0,0.0,0.0,0.0,False,False,False,False,False,2.0,0.0,0.0,0.0,0.0,1
Onalespib,0.0,0.0,60.0,0.0,0.0,0.0,0.0,0.0,0.0,0.0,2130 days 00:00:00,0.0,0.0,0.0,0.0,0.0,False,False,False,False,False,1.0,0.0,0.0,0.0,0.0,1
Amonafide,175.0,0.0,0.0,0.0,0.0,0.0,0.0,0.0,397 days 00:00:00,0.0,0.0,0.0,0.0,0.0,0.0,0.0,True,False,False,False,False,1.0,0.0,0.0,0.0,0.0,1
MKC 1,53.0,0.0,40.0,0.0,0.0,0.0,0.0,0.0,1035 days 00:00:00,0.0,1035 days 00:00:00,0.0,0.0,0.0,0.0,0.0,True,False,False,False,False,2.0,0.0,0.0,0.0,0.0,1
Sepantronium bromide,100.0,0.0,0.0,0.0,0.0,0.0,0.0,0.0,1278 days 00:00:00,0.0,0.0,0.0,0.0,0.0,0.0,0.0,True,False,False,False,False,1.0,0.0,0.0,0.0,0.0,1
Epoetin beta,0.0,0.0,0.0,0.0,0.0,60.0,0.0,0.0,0.0,0.0,0.0,0.0,0.0,1096 days 00:00:00,0.0,0.0,False,False,False,True,True,0.0,1.0,0.0,0.0,0.0,1
Famitinib,77.0,0.0,0.0,0.0,0.0,0.0,0.0,0.0,549 days 00:00:00,0.0,0.0,0.0,0.0,0.0,0.0,0.0,True,False,False,False,False,1.0,0.0,0.0,0.0,0.0,1
Indisulam,215.0,0.0,0.0,0.0,0.0,0.0,0.0,0.0,729 days 12:00:00,0.0,0.0,0.0,0.0,0.0,0.0,0.0,True,False,False,False,False,1.0,1.0,0.0,0.0,0.0,1
V 935,0.0,0.0,42.0,0.0,0.0,0.0,0.0,0.0,0.0,0.0,973 days 00:00:00,0.0,0.0,0.0,0.0,0.0,False,False,False,False,False,1.0,0.0,0.0,0.0,0.0,1
Triptorelin,80.0,0.0,0.0,0.0,0.0,0.0,0.0,0.0,1157 days 00:00:00,0.0,0.0,0.0,0.0,0.0,0.0,0.0,True,False,False,False,False,0.0,0.0,0.0,1.0,0.0,1
Oblimersen,0.0,0.0,23.0,69.0,0.0,0.0,0.0,0.0,0.0,0.0,1219 days 00:00:00,1737 days 00:00:00,0.0,0.0,0.0,0.0,False,False,False,False,False,1.0,1.0,0.0,0.0,0.0,1
ABT 737,0.0,0.0,0.0,80.0,0.0,0.0,0.0,0.0,0.0,0.0,0.0,700 days 00:00:00,0.0,0.0,0.0,0.0,False,False,False,False,False,0.0,0.0,0.0,1.0,0.0,0
Tesmilifene,0.0,0.0,28.0,0.0,0.0,0.0,0.0,0.0,0.0,0.0,610 days 00:00:00,0.0,0.0,0.0,0.0,0.0,False,False,False,False,False,1.0,0.0,0.0,0.0,0.0,1
ETBX 011,0.0,0.0,0.0,24.0,0.0,0.0,0.0,0.0,0.0,0.0,0.0,1004 days 00:00:00,0.0,0.0,0.0,0.0,False,False,False,False,False,1.0,0.0,0.0,0.0,0.0,1
KW 2450,0.0,0.0,0.0,198.0,0.0,0.0,0.0,0.0,0.0,0.0,0.0,731 days 00:00:00,0.0,0.0,0.0,0.0,False,False,False,False,False,0.0,1.0,0.0,0.0,0.0,1
Maraciclatide,0.0,0.0,,0.0,0.0,0.0,0.0,0.0,0.0,0.0,2102 days 00:00:00,0.0,0.0,0.0,0.0,0.0,False,False,False,False,False,1.0,0.0,0.0,0.0,0.0,1
Panitumumab,50.0,0.0,0.0,0.0,0.0,0.0,0.0,0.0,738 days 00:00:00,0.0,0.0,0.0,0.0,0.0,0.0,0.0,True,False,False,False,False,1.0,0.0,0.0,0.0,0.0,4
Lenalidomide,0.0,0.0,28.0,0.0,0.0,0.0,0.0,0.0,0.0,0.0,92 days 00:00:00,0.0,0.0,0.0,0.0,0.0,False,False,False,False,False,1.0,0.0,0.0,0.0,0.0,1
IMU 131,0.0,0.0,20.0,0.0,0.0,0.0,0.0,0.0,0.0,0.0,249 days 00:00:00,0.0,0.0,0.0,0.0,0.0,False,False,False,False,False,1.0,0.0,0.0,0.0,0.0,1
Edotecarin,65.0,0.0,0.0,0.0,0.0,0.0,0.0,0.0,2375 days 00:00:00,0.0,0.0,0.0,0.0,0.0,0.0,0.0,True,False,False,False,False,1.0,0.0,0.0,0.0,0.0,1
Alvocidib,0.0,0.0,80.0,0.0,0.0,0.0,0.0,0.0,0.0,0.0,1035 days 00:00:00,0.0,0.0,0.0,0.0,0.0,False,False,False,False,False,0.0,1.0,0.0,0.0,0.0,0
Catumaxomab,0.0,0.0,0.0,0.0,0.0,0.0,258.0,0.0,0.0,0.0,0.0,0.0,0.0,0.0,791 days 00:00:00,0.0,False,False,False,False,False,1.0,0.0,0.0,0.0,0.0,2
Megestrol,0.0,0.0,0.0,0.0,0.0,10.0,0.0,0.0,0.0,0.0,0.0,0.0,0.0,2618 days 00:00:00,0.0,0.0,False,False,False,True,True,0.0,0.0,0.0,1.0,0.0,0
ARRY 382,0.0,0.0,50.0,0.0,0.0,0.0,0.0,0.0,0.0,0.0,580 days 00:00:00,0.0,0.0,0.0,0.0,0.0,False,False,False,False,False,1.0,0.0,0.0,0.0,0.0,2
Indibulin,0.0,0.0,0.0,60.0,0.0,0.0,0.0,0.0,0.0,0.0,0.0,1157 days 00:00:00,0.0,0.0,0.0,0.0,False,False,False,False,False,0.0,0.0,0.0,1.0,0.0,1
IMGN 388,0.0,0.0,90.0,0.0,0.0,0.0,0.0,0.0,0.0,0.0,1644 days 00:00:00,0.0,0.0,0.0,0.0,0.0,False,False,False,False,False,1.0,0.0,0.0,0.0,0.0,2
PD 325901,0.0,0.0,0.0,310.0,0.0,0.0,0.0,0.0,0.0,0.0,0.0,2707 days 00:00:00,0.0,0.0,0.0,0.0,False,False,False,False,False,0.0,1.0,0.0,0.0,0.0,1
OCX 191,75.0,0.0,21.0,0.0,0.0,0.0,0.0,0.0,608 days 00:00:00,0.0,3532 days 00:00:00,0.0,0.0,0.0,0.0,0.0,True,False,False,False,False,1.0,1.0,0.0,0.0,0.0,1
MDNA 55,0.0,0.0,36.0,0.0,0.0,0.0,0.0,0.0,0.0,0.0,2373 days 00:00:00,0.0,0.0,0.0,0.0,0.0,False,False,False,False,False,1.0,0.0,0.0,0.0,0.0,1
Cancer vaccine,0.0,0.0,,10.0,0.0,0.0,0.0,0.0,0.0,0.0,731 days 00:00:00,1096 days 00:00:00,0.0,0.0,0.0,0.0,False,False,False,False,False,0.0,0.0,0.0,1.0,1.0,1
BTH 1704,110.0,0.0,24.0,0.0,0.0,0.0,0.0,0.0,1064 days 00:00:00,0.0,764 days 00:00:00,0.0,0.0,0.0,0.0,0.0,True,False,False,False,False,1.0,1.0,0.0,0.0,0.0,1
Thalidomide,0.0,332.0,0.0,0.0,0.0,0.0,0.0,0.0,0.0,1522 days 00:00:00,0.0,0.0,0.0,0.0,0.0,0.0,False,True,True,False,False,1.0,0.0,0.0,0.0,0.0,0
Suramin sodium,0.0,0.0,0.0,46.0,0.0,0.0,0.0,0.0,0.0,0.0,0.0,1917 days 00:00:00,0.0,0.0,0.0,0.0,False,False,False,False,False,1.0,0.0,0.0,0.0,0.0,0
BMS 690514,175.0,0.0,17.0,0.0,0.0,0.0,0.0,0.0,161 days 00:00:00,0.0,0.0,0.0,0.0,0.0,0.0,0.0,True,False,False,False,False,2.0,0.0,0.0,0.0,0.0,1
ZYC 300,0.0,0.0,20.0,0.0,0.0,0.0,0.0,0.0,0.0,0.0,792 days 00:00:00,0.0,0.0,0.0,0.0,0.0,False,False,False,False,False,1.0,0.0,0.0,0.0,0.0,2
Phaleria macrocarpa,24.0,0.0,0.0,0.0,0.0,0.0,40.0,0.0,943 days 00:00:00,0.0,0.0,0.0,0.0,0.0,458 days 00:00:00,0.0,True,False,False,False,False,1.0,1.0,0.0,0.0,0.0,1
Efaproxiral,0.0,360.0,0.0,0.0,0.0,0.0,0.0,0.0,0.0,1216 days 00:00:00,0.0,0.0,0.0,0.0,0.0,0.0,False,True,True,False,False,1.0,0.0,0.0,0.0,0.0,2
MVA BN HER2,0.0,0.0,100.0,0.0,0.0,0.0,0.0,0.0,0.0,0.0,655 days 00:00:00,0.0,0.0,0.0,0.0,0.0,False,False,False,False,False,1.0,1.0,0.0,0.0,0.0,3
Folitixorin,0.0,0.0,15.0,0.0,0.0,0.0,0.0,0.0,0.0,0.0,30 days 00:00:00,0.0,0.0,0.0,0.0,0.0,False,False,False,False,False,1.0,0.0,0.0,0.0,0.0,1
Decitabine,0.0,0.0,24.0,0.0,0.0,0.0,0.0,0.0,0.0,0.0,2466 days 00:00:00,0.0,0.0,0.0,0.0,0.0,False,False,False,False,False,1.0,0.0,0.0,0.0,0.0,0
Bexarotene,0.0,0.0,30.0,0.0,0.0,0.0,0.0,0.0,0.0,0.0,1826 days 00:00:00,0.0,0.0,0.0,0.0,0.0,False,False,False,False,False,1.0,0.0,0.0,0.0,0.0,0
Aflibercept,45.0,0.0,0.0,0.0,0.0,0.0,0.0,0.0,1461 days 00:00:00,0.0,0.0,0.0,0.0,0.0,0.0,0.0,True,False,False,False,False,1.0,0.0,0.0,0.0,0.0,0
Becatecarin,42.0,0.0,0.0,0.0,0.0,0.0,0.0,0.0,2252 days 00:00:00,0.0,0.0,0.0,0.0,0.0,0.0,0.0,True,False,False,False,False,1.0,0.0,0.0,0.0,0.0,0
Bosutinib,75.0,0.0,45.833333333333336,0.0,0.0,0.0,0.0,0.0,1037 days 00:00:00,0.0,75 days 20:00:00,0.0,0.0,0.0,0.0,0.0,True,False,False,False,False,7.0,0.0,0.0,0.0,0.0,2
MVA 5T4,120.0,0.0,0.0,0.0,0.0,0.0,0.0,0.0,1096 days 00:00:00,0.0,0.0,0.0,0.0,0.0,0.0,0.0,True,False,False,False,False,0.0,0.0,0.0,1.0,0.0,1
Fluvastatin,60.0,0.0,0.0,0.0,0.0,0.0,0.0,0.0,1796 days 00:00:00,0.0,0.0,0.0,0.0,0.0,0.0,0.0,True,False,False,False,False,1.0,0.0,0.0,0.0,0.0,0
Retaspimycin,92.0,0.0,0.0,56.0,0.0,0.0,0.0,0.0,791 days 00:00:00,0.0,0.0,671 days 00:00:00,0.0,0.0,0.0,0.0,True,False,False,False,False,0.0,1.0,0.0,1.0,0.0,1
AVE 1642,100.0,0.0,0.0,0.0,0.0,0.0,0.0,0.0,846 days 00:00:00,0.0,0.0,0.0,0.0,0.0,0.0,0.0,True,False,False,False,False,0.0,1.0,0.0,0.0,0.0,2
Cytarabine,0.0,152.0,0.0,0.0,0.0,0.0,0.0,0.0,0.0,1703 days 00:00:00,0.0,0.0,0.0,0.0,0.0,0.0,False,True,True,False,False,0.0,0.0,0.0,1.0,0.0,2
Antithymocyte globulin,14.0,0.0,0.0,0.0,0.0,0.0,0.0,0.0,1642 days 00:00:00,0.0,0.0,0.0,0.0,0.0,0.0,0.0,True,False,False,False,False,0.0,1.0,0.0,0.0,0.0,0
Minodronic acid,50.0,0.0,0.0,0.0,0.0,0.0,0.0,0.0,1419 days 00:00:00,0.0,0.0,0.0,0.0,0.0,0.0,0.0,True,False,False,False,False,0.0,0.0,1.0,0.0,0.0,0
Firtecan pegol,160.0,0.0,0.0,0.0,0.0,0.0,0.0,0.0,943 days 00:00:00,0.0,0.0,0.0,0.0,0.0,0.0,0.0,True,False,False,False,False,1.0,0.0,0.0,0.0,0.0,1
CP 724714,25.0,0.0,20.0,0.0,0.0,0.0,0.0,0.0,153 days 00:00:00,0.0,851 days 00:00:00,0.0,0.0,0.0,0.0,0.0,True,False,False,False,False,1.0,1.0,0.0,0.0,0.0,1
Risedronic acid,0.0,0.0,0.0,0.0,0.0,234.0,0.0,0.0,0.0,0.0,0.0,0.0,0.0,1857 days 00:00:00,0.0,0.0,False,False,False,True,True,1.0,0.0,0.0,0.0,0.0,1
AEG 35156,0.0,0.0,0.0,61.0,0.0,0.0,0.0,0.0,0.0,0.0,0.0,547 days 00:00:00,0.0,0.0,0.0,0.0,False,False,False,False,False,0.0,1.0,0.0,0.0,0.0,1
Esterified estrogens,18.0,0.0,0.0,0.0,0.0,0.0,0.0,0.0,671 days 00:00:00,0.0,0.0,0.0,0.0,0.0,0.0,0.0,True,False,False,False,False,0.0,1.0,0.0,0.0,0.0,0
Allitinib,0.0,0.0,70.0,0.0,0.0,0.0,0.0,0.0,0.0,0.0,425 days 00:00:00,0.0,0.0,0.0,0.0,0.0,False,False,False,False,False,0.0,0.0,0.0,1.0,0.0,1
Pemetrexed,78.66666666666667,0.0,0.0,0.0,0.0,0.0,0.0,0.0,872 days 08:00:00,0.0,0.0,0.0,0.0,0.0,0.0,0.0,True,False,False,False,False,2.0,0.0,0.0,1.0,0.0,1
CYT 6091,0.0,0.0,0.0,0.0,108.0,0.0,0.0,0.0,0.0,0.0,0.0,0.0,974 days 00:00:00,0.0,0.0,0.0,False,False,False,False,False,1.0,0.0,0.0,0.0,0.0,0
Satraplatin,80.0,0.0,0.0,0.0,0.0,0.0,0.0,0.0,822 days 00:00:00,0.0,0.0,0.0,0.0,0.0,0.0,0.0,True,False,False,False,False,1.0,0.0,0.0,0.0,0.0,2
L 651582,0.0,0.0,70.0,0.0,0.0,0.0,0.0,0.0,0.0,0.0,4291 days 00:00:00,0.0,0.0,0.0,0.0,0.0,False,False,False,False,False,1.0,0.0,0.0,0.0,0.0,0
Lanreotide,0.0,148.0,0.0,0.0,0.0,0.0,0.0,0.0,0.0,1505 days 00:00:00,0.0,0.0,0.0,0.0,0.0,0.0,False,True,True,False,False,1.0,0.0,0.0,0.0,0.0,1
Rexin-G,0.0,0.0,0.0,24.0,0.0,0.0,0.0,0.0,0.0,0.0,0.0,1431 days 00:00:00,0.0,0.0,0.0,0.0,False,False,False,False,False,1.0,0.0,0.0,0.0,0.0,1
PX 1041,60.0,0.0,0.0,0.0,0.0,0.0,0.0,0.0,730 days 00:00:00,0.0,0.0,0.0,0.0,0.0,0.0,0.0,True,False,False,False,False,1.0,0.0,0.0,0.0,0.0,1
Bortezomib,28.0,0.0,0.0,0.0,0.0,0.0,0.0,0.0,1325 days 00:00:00,0.0,0.0,0.0,0.0,0.0,0.0,0.0,True,False,False,False,False,1.0,0.0,0.0,0.0,0.0,0
AFP 464,50.0,0.0,0.0,0.0,0.0,0.0,0.0,0.0,975 days 00:00:00,0.0,0.0,0.0,0.0,0.0,0.0,0.0,True,False,False,False,False,0.0,0.0,0.0,1.0,0.0,1
CDX 1307,0.0,0.0,42.0,0.0,0.0,0.0,0.0,0.0,0.0,0.0,1856 days 12:00:00,0.0,0.0,0.0,0.0,0.0,False,False,False,False,False,2.0,0.0,0.0,0.0,0.0,2
Semaxanib,0.0,0.0,30.0,0.0,0.0,0.0,0.0,0.0,0.0,0.0,1278 days 00:00:00,0.0,0.0,0.0,0.0,0.0,False,False,False,False,False,1.0,0.0,0.0,0.0,0.0,0
Melanoma vaccine,0.0,0.0,9.0,0.0,0.0,0.0,0.0,0.0,0.0,0.0,1400 days 00:00:00,0.0,0.0,0.0,0.0,0.0,False,False,False,False,False,1.0,0.0,0.0,0.0,0.0,0
Canertinib,168.0,0.0,0.0,0.0,0.0,0.0,0.0,0.0,882 days 00:00:00,0.0,0.0,0.0,0.0,0.0,0.0,0.0,True,False,False,False,False,1.0,0.0,0.0,0.0,0.0,1
Diazepinomicin,0.0,0.0,0.0,30.0,0.0,0.0,0.0,0.0,0.0,0.0,0.0,546 days 00:00:00,0.0,0.0,0.0,0.0,False,False,False,False,False,1.0,0.0,0.0,0.0,0.0,1
Adecatumumab,,0.0,0.0,0.0,0.0,0.0,0.0,0.0,937 days 00:00:00,0.0,0.0,0.0,0.0,0.0,0.0,0.0,True,False,False,False,False,1.0,0.0,0.0,0.0,0.0,2
TM 601 I-131,0.0,0.0,60.0,0.0,0.0,0.0,0.0,0.0,0.0,0.0,731 days 00:00:00,0.0,0.0,0.0,0.0,0.0,False,False,False,False,False,1.0,0.0,0.0,0.0,0.0,1
Ortataxel,85.0,0.0,0.0,0.0,0.0,0.0,0.0,0.0,671 days 00:00:00,0.0,0.0,0.0,0.0,0.0,0.0,0.0,True,False,False,False,False,1.0,0.0,0.0,0.0,0.0,2
ABT 751,40.0,0.0,0.0,0.0,0.0,0.0,0.0,0.0,639 days 00:00:00,0.0,0.0,0.0,0.0,0.0,0.0,0.0,True,False,False,False,False,1.0,0.0,0.0,0.0,0.0,1
LE SN38,,0.0,0.0,0.0,0.0,0.0,0.0,0.0,122 days 00:00:00,0.0,0.0,0.0,0.0,0.0,0.0,0.0,True,False,False,False,False,0.0,0.0,0.0,0.0,1.0,3
Mannan-MUC1-fusion-protein,0.0,,0.0,0.0,0.0,0.0,0.0,0.0,0.0,2013 days 00:00:00,0.0,0.0,0.0,0.0,0.0,0.0,False,True,True,False,False,1.0,0.0,0.0,0.0,0.0,0
GPX 100,40.0,0.0,0.0,0.0,0.0,0.0,0.0,0.0,245 days 00:00:00,0.0,0.0,0.0,0.0,0.0,0.0,0.0,True,False,False,False,False,0.0,1.0,0.0,0.0,0.0,1
Trilostane,41.0,0.0,0.0,0.0,0.0,61.0,0.0,0.0,730 days 00:00:00,0.0,0.0,0.0,0.0,435 days 00:00:00,0.0,0.0,True,False,False,True,True,0.0,0.0,0.0,2.0,0.0,1
Labetuzumab,0.0,0.0,0.0,30.0,0.0,0.0,0.0,0.0,0.0,0.0,0.0,1216 days 00:00:00,0.0,0.0,0.0,0.0,False,False,False,False,False,1.0,0.0,0.0,0.0,0.0,1
 Paclitaxel,0.0,2240.0,0.0,0.0,0.0,0.0,0.0,0.0,0.0,729 days 00:00:00,0.0,0.0,0.0,0.0,0.0,0.0,False,True,True,False,False,1.0,0.0,0.0,0.0,0.0,1
